locale,section,type,source_id,day,day_title,slot_index,phase,scene,location,time,focus,character_id,choice_id,choice_title,choice_hint,effects,requirements,ending_id,line_index,speaker,text
"zh-CN","prologue","dialogue","prologue","0","开场","","","","","","","","","","","","","","1","旁白","7号自由港清晨的广播一遍遍提醒旅客避开阿妮塔方向的临时检修线。港口没有因此安静，卸货臂仍在轨道桥下运行，像一排不肯停下的钟摆。"
"zh-CN","prologue","dialogue","prologue","0","开场","","","","","","","","","","","","","","2","旁白","无垠号停在第三检修栈桥。货仓里多了一只深蓝色箱体，铅封完整，标签写着：阿妮塔能源研究所，现实稳定校准核心，短途急送。"
"zh-CN","prologue","dialogue","prologue","0","开场","","","","","","","","","","","","","","3","列车长","短途、急送、报酬偏高，还要求承运方承担交付前损耗。听起来不像好差事。"
"zh-CN","prologue","dialogue","prologue","0","开场","","","","","","","","","","","","","","4","莉薇娅","合同格式正确，印章也正确。正因为太正确了，我才不放心。列车长，如果这份委托有问题，最先被追责的一定是您。"
"zh-CN","prologue","dialogue","prologue","0","开场","","","","","","","","","","","","","","5","波克士","哔哔！伟大的波克士确认：半吊子列车长对麻烦的嗅觉终于接近正常乘员平均值。"
"zh-CN","prologue","dialogue","prologue","0","开场","","","","","","","","","","","","","","6","艾略特","那我们能不能把平均值再提高一点，比如直接拒绝？我个人非常支持安全、舒适、少站岗的经营路线。"
"zh-CN","prologue","dialogue","prologue","0","开场","","","","","","","","","","","","","","7","弗兰","你支持的是少站岗，不是安全。列车长，货仓封条没有被撬过，但外圈有新擦痕。"
"zh-CN","prologue","dialogue","prologue","0","开场","","","","","","","","","","","","","","8","遥","车底传感器被占用。不是故障。"
"zh-CN","prologue","dialogue","prologue","0","开场","","","","","","","","","","","","","","9","列车长","占用比例？"
"zh-CN","prologue","dialogue","prologue","0","开场","","","","","","","","","","","","","","10","遥","百分之三。还在涨。高速会有风险。"
"zh-CN","prologue","dialogue","prologue","0","开场","","","","","","","","","","","","","","11","旁白","这就是遥的说明方式：没有铺垫，没有猜谜，只有能直接写进行车判断里的结论。"
"zh-CN","prologue","dialogue","prologue","0","开场","","","","","","","","","","","","","","12","莉薇娅","目的地是阿妮塔能源研究所。正常路线是七号自由港出站，接阿妮塔制造工厂支线，再进入研究所接驳区。地图上没有任何需要绕远的理由。"
"zh-CN","prologue","dialogue","prologue","0","开场","","","","","","","","","","","","","","13","列车长","也就是说，真正的问题不是路线远，而是有人在一条很短的路上做了太多准备。"
"zh-CN","prologue","dialogue","prologue","0","开场","","","","","","","","","","","","","","14","波克士","总结优秀。波克士建议给列车长今日理解能力加一分。总分仍然不高。"
"zh-CN","prologue","dialogue","prologue","0","开场","","","","","","","","","","","","","","15","旁白","发车铃第一次响起。你还有一点时间，决定第一份行车记录要写成普通运输，还是写成一场已经开始的异常事件。"
"zh-CN","main","dialogue","d1s1.lines","1","7号自由港，合同背面的字","1","上午","freeport","7号自由港站台","委托交接","livia","","","","","","","","1","旁白","站台调度屏上，阿妮塔制造工厂支线显示为黄色检修状态。那不是封锁，只是足够让一趟急送在记录上变得“不便解释”。"
"zh-CN","main","dialogue","d1s1.lines","1","7号自由港，合同背面的字","1","上午","freeport","7号自由港站台","委托交接","livia","","","","","","","","2","莉薇娅","委托方要求我们从七号自由港直送阿妮塔能源研究所。路线合理，但合同里有两处不合理。"
"zh-CN","main","dialogue","d1s1.lines","1","7号自由港，合同背面的字","1","上午","freeport","7号自由港站台","委托交接","livia","","","","","","","","3","列车长","说重点。"
"zh-CN","main","dialogue","d1s1.lines","1","7号自由港，合同背面的字","1","上午","freeport","7号自由港站台","委托交接","livia","","","","","","","","4","莉薇娅","第一，交付前失效由承运方负责。第二，签收人不是研究所公开值班负责人，而是一个被藏在附件里的内部编号。"
"zh-CN","main","dialogue","d1s1.lines","1","7号自由港，合同背面的字","1","上午","freeport","7号自由港站台","委托交接","livia","","","","","","","","5","波克士","哔哔！内部编号检索中。结果：权限不足。评价：可疑得十分没有礼貌。"
"zh-CN","main","dialogue","d1s1.lines","1","7号自由港，合同背面的字","1","上午","freeport","7号自由港站台","委托交接","livia","","","","","","","","6","艾略特","我开始怀念那种只要站岗就能解决的问题了。"
"zh-CN","main","dialogue","d1s1.lines","1","7号自由港，合同背面的字","1","上午","freeport","7号自由港站台","委托交接","livia","","","","","","","","7","弗兰","你连站岗都想少站。"
"zh-CN","main","dialogue","d1s1.lines","1","7号自由港，合同背面的字","1","上午","freeport","7号自由港站台","委托交接","livia","","","","","","","","8","遥","箱体占用传感器百分之四。涨得慢。"
"zh-CN","main","dialogue","d1s1.lines","1","7号自由港，合同背面的字","1","上午","freeport","7号自由港站台","委托交接","livia","","","","","","","","9","列车长","如果按普通委托发车，最坏情况是什么？"
"zh-CN","main","dialogue","d1s1.lines","1","7号自由港，合同背面的字","1","上午","freeport","7号自由港站台","委托交接","livia","","","","","","","","10","莉薇娅","货坏、列车担责、我们拿不出证明。"
"zh-CN","main","dialogue","d1s1.lines","1","7号自由港，合同背面的字","1","上午","freeport","7号自由港站台","委托交接","livia","","","","","","","","11","列车长","那第一份记录不能空着。先决定从哪里查。"
"zh-CN","main","choice","d1m-contract","1","7号自由港，合同背面的字","1","上午","freeport","7号自由港站台","委托交接","livia","","d1m-contract","按合同先发车，保留疑点记录","准点和信用优先，但只留下最低限度的风险备注。","stat.fuel-5 / stat.credit+8 / crew.livia-2","","","","",""
"zh-CN","main","choice_result","d1m-contract.result","1","7号自由港，合同背面的字","1","上午","freeport","7号自由港站台","委托交接","livia","","d1m-contract","按合同先发车，保留疑点记录","","stat.fuel-5 / stat.credit+8 / crew.livia-2","","","1","列车长","先发车。莉薇娅，把疑点写进备注，不要让它只留在我们嘴里。"
"zh-CN","main","choice_result","d1m-contract.result","1","7号自由港，合同背面的字","1","上午","freeport","7号自由港站台","委托交接","livia","","d1m-contract","按合同先发车，保留疑点记录","","stat.fuel-5 / stat.credit+8 / crew.livia-2","","","2","莉薇娅","明白。我会写：承运方已注意到责任条款异常，待交付前复核。"
"zh-CN","main","choice_result","d1m-contract.result","1","7号自由港，合同背面的字","1","上午","freeport","7号自由港站台","委托交接","livia","","d1m-contract","按合同先发车，保留疑点记录","","stat.fuel-5 / stat.credit+8 / crew.livia-2","","","3","旁白","无垠号准点离港。合同表面依旧干净，但莉薇娅在行车日志第一页夹入了一张黄色便签。"
"zh-CN","main","choice_result","d1m-contract.result","1","7号自由港，合同背面的字","1","上午","freeport","7号自由港站台","委托交接","livia","","d1m-contract","按合同先发车，保留疑点记录","","stat.fuel-5 / stat.credit+8 / crew.livia-2","","","4","波克士","记录：列车长选择先跑再查。波克士将保留在麻烦出现时说“本机早知道”的权利。"
"zh-CN","main","choice","d1m-livia-audit","1","7号自由港，合同背面的字","1","上午","freeport","7号自由港站台","委托交接","livia","","d1m-livia-audit","让莉薇娅复核委托账目","延后发车，获得具体合同证据。","stat.clues+1 / stat.fatigue+4 / stat.credit+3 / stat.onTime-1 / crew.livia+6","","","","",""
"zh-CN","main","choice_result","d1m-livia-audit.result","1","7号自由港，合同背面的字","1","上午","freeport","7号自由港站台","委托交接","livia","","d1m-livia-audit","让莉薇娅复核委托账目","","stat.clues+1 / stat.fatigue+4 / stat.credit+3 / stat.onTime-1 / crew.livia+6","","","1","莉薇娅","找到了。保险条款里有折痕，附件背面还有一行小字。"
"zh-CN","main","choice_result","d1m-livia-audit.result","1","7号自由港，合同背面的字","1","上午","freeport","7号自由港站台","委托交接","livia","","d1m-livia-audit","让莉薇娅复核委托账目","","stat.clues+1 / stat.fatigue+4 / stat.credit+3 / stat.onTime-1 / crew.livia+6","","","2","旁白","证据一：合同附页把“交付前失效”写成承运方责任，且签收人被隐藏在附件背面。"
"zh-CN","main","choice_result","d1m-livia-audit.result","1","7号自由港，合同背面的字","1","上午","freeport","7号自由港站台","委托交接","livia","","d1m-livia-audit","让莉薇娅复核委托账目","","stat.clues+1 / stat.fatigue+4 / stat.credit+3 / stat.onTime-1 / crew.livia+6","","","3","列车长","这不是疏忽，是把签字的人往坑边推。"
"zh-CN","main","choice_result","d1m-livia-audit.result","1","7号自由港，合同背面的字","1","上午","freeport","7号自由港站台","委托交接","livia","","d1m-livia-audit","让莉薇娅复核委托账目","","stat.clues+1 / stat.fatigue+4 / stat.credit+3 / stat.onTime-1 / crew.livia+6","","","4","莉薇娅","我会保存扫描件。列车长，之后无论谁催交付，我们都有理由要求他们先解释这一页。"
"zh-CN","main","choice","d1m-caroline","1","7号自由港，合同背面的字","1","上午","freeport","7号自由港站台","委托交接","livia","","d1m-caroline","调取港务原始排班记录","不引入外部乘员，改从港口调度查路线被改动的原因。","stat.fuel-10 / stat.risk-8 / stat.onTime-1 / stat.clues+1","","","","",""
"zh-CN","main","choice_result","d1m-caroline.result","1","7号自由港，合同背面的字","1","上午","freeport","7号自由港站台","委托交接","livia","","d1m-caroline","调取港务原始排班记录","","stat.fuel-10 / stat.risk-8 / stat.onTime-1 / stat.clues+1","","","1","波克士","港务原始排班下载完成。请注意，下载行为合法，波克士的优雅同样合法。"
"zh-CN","main","choice_result","d1m-caroline.result","1","7号自由港，合同背面的字","1","上午","freeport","7号自由港站台","委托交接","livia","","d1m-caroline","调取港务原始排班记录","","stat.fuel-10 / stat.risk-8 / stat.onTime-1 / stat.clues+1","","","2","旁白","证据二：港务原始排班显示，七号自由港到阿妮塔能源研究所的直达优先级在发车前十七分钟被人为下调。"
"zh-CN","main","choice_result","d1m-caroline.result","1","7号自由港，合同背面的字","1","上午","freeport","7号自由港站台","委托交接","livia","","d1m-caroline","调取港务原始排班记录","","stat.fuel-10 / stat.risk-8 / stat.onTime-1 / stat.clues+1","","","3","列车长","有人宁愿让空车先走，也要让我们进低优先级。"
"zh-CN","main","choice_result","d1m-caroline.result","1","7号自由港，合同背面的字","1","上午","freeport","7号自由港站台","委托交接","livia","","d1m-caroline","调取港务原始排班记录","","stat.fuel-10 / stat.risk-8 / stat.onTime-1 / stat.clues+1","","","4","莉薇娅","那说明他们不是想让我们慢，而是想让我们在某个时间点刚好到达。"
"zh-CN","main","dialogue","d1s2.lines","1","7号自由港，合同背面的字","2","下午","cargo","货仓","发车检查","haruka","","","","","","","","1","旁白","发车后第一段路很短。自由港外缘的轨道还没完全离开港区，货仓地板已经传来规律的轻震。"
"zh-CN","main","dialogue","d1s2.lines","1","7号自由港，合同背面的字","2","下午","cargo","货仓","发车检查","haruka","","","","","","","","2","遥","传感器占用百分之六。源头在箱体底部。"
"zh-CN","main","dialogue","d1s2.lines","1","7号自由港，合同背面的字","2","下午","cargo","货仓","发车检查","haruka","","","","","","","","3","列车长","能隔离吗？"
"zh-CN","main","dialogue","d1s2.lines","1","7号自由港，合同背面的字","2","下午","cargo","货仓","发车检查","haruka","","","","","","","","4","遥","能。会影响箱体自检。"
"zh-CN","main","dialogue","d1s2.lines","1","7号自由港，合同背面的字","2","下午","cargo","货仓","发车检查","haruka","","","","","","","","5","莉薇娅","委托书没有提到自检程序。"
"zh-CN","main","dialogue","d1s2.lines","1","7号自由港，合同背面的字","2","下午","cargo","货仓","发车检查","haruka","","","","","","","","6","波克士","未申报主动设备通常有两个解释：一，对方疏忽；二，对方觉得列车长很好骗。波克士投第二票。"
"zh-CN","main","dialogue","d1s2.lines","1","7号自由港，合同背面的字","2","下午","cargo","货仓","发车检查","haruka","","","","","","","","7","艾略特","我投第二票，但我希望投票不会增加我的站岗时间。"
"zh-CN","main","dialogue","d1s2.lines","1","7号自由港，合同背面的字","2","下午","cargo","货仓","发车检查","haruka","","","","","","","","8","弗兰","会。"
"zh-CN","main","dialogue","d1s2.lines","1","7号自由港，合同背面的字","2","下午","cargo","货仓","发车检查","haruka","","","","","","","","9","旁白","箱体外壳很冷，靠近时却能听见内部传来极轻的校准声，像有人在封闭房间里反复试钥匙。"
"zh-CN","main","dialogue","d1s2.lines","1","7号自由港，合同背面的字","2","下午","cargo","货仓","发车检查","haruka","","","","","","","","10","列车长","先别拆箱。我们只确认它对列车做了什么。"
"zh-CN","main","choice","d1a-haruka-scan","1","7号自由港，合同背面的字","2","下午","cargo","货仓","发车检查","haruka","","d1a-haruka-scan","让遥拆检车底传感器","确认主动占用方式，获得技术证据。","stat.condition+8 / stat.clues+1 / stat.onTime-1 / crew.haruka+6","","","","",""
"zh-CN","main","choice_result","d1a-haruka-scan.result","1","7号自由港，合同背面的字","2","下午","cargo","货仓","发车检查","haruka","","d1a-haruka-scan","让遥拆检车底传感器","","stat.condition+8 / stat.clues+1 / stat.onTime-1 / crew.haruka+6","","","1","遥","不是传感器坏。是箱体借线。借得很小心。"
"zh-CN","main","choice_result","d1a-haruka-scan.result","1","7号自由港，合同背面的字","2","下午","cargo","货仓","发车检查","haruka","","d1a-haruka-scan","让遥拆检车底传感器","","stat.condition+8 / stat.clues+1 / stat.onTime-1 / crew.haruka+6","","","2","旁白","证据三：箱体并非惰性部件，它会借用车底传感器向外发出低功率校准脉冲。"
"zh-CN","main","choice_result","d1a-haruka-scan.result","1","7号自由港，合同背面的字","2","下午","cargo","货仓","发车检查","haruka","","d1a-haruka-scan","让遥拆检车底传感器","","stat.condition+8 / stat.clues+1 / stat.onTime-1 / crew.haruka+6","","","3","列车长","也就是说，它能影响我们看到的车况。"
"zh-CN","main","choice_result","d1a-haruka-scan.result","1","7号自由港，合同背面的字","2","下午","cargo","货仓","发车检查","haruka","","d1a-haruka-scan","让遥拆检车底传感器","","stat.condition+8 / stat.clues+1 / stat.onTime-1 / crew.haruka+6","","","4","遥","对。所以之后别只看波克士的面板，看原始读数。"
"zh-CN","main","choice_result","d1a-haruka-scan.result","1","7号自由港，合同背面的字","2","下午","cargo","货仓","发车检查","haruka","","d1a-haruka-scan","让遥拆检车底传感器","","stat.condition+8 / stat.clues+1 / stat.onTime-1 / crew.haruka+6","","","5","波克士","本机面板遭到质疑。考虑到遥小姐正确，本机暂时忍耐。"
"zh-CN","main","choice","d1a-guards","1","7号自由港，合同背面的字","2","下午","cargo","货仓","发车检查","haruka","","d1a-guards","安排弗兰和艾略特护卫货仓","降低外部干扰风险，补足货仓观察。","stat.risk-8 / stat.morale+4 / stat.supplies-3 / crew.fran+4 / crew.eliot+3","","","","",""
"zh-CN","main","choice_result","d1a-guards.result","1","7号自由港，合同背面的字","2","下午","cargo","货仓","发车检查","haruka","","d1a-guards","安排弗兰和艾略特护卫货仓","","stat.risk-8 / stat.morale+4 / stat.supplies-3 / crew.fran+4 / crew.eliot+3","","","1","弗兰","我守前门，艾略特守后段。"
"zh-CN","main","choice_result","d1a-guards.result","1","7号自由港，合同背面的字","2","下午","cargo","货仓","发车检查","haruka","","d1a-guards","安排弗兰和艾略特护卫货仓","","stat.risk-8 / stat.morale+4 / stat.supplies-3 / crew.fran+4 / crew.eliot+3","","","2","艾略特","后段离餐车最远，这里面有私人恩怨。"
"zh-CN","main","choice_result","d1a-guards.result","1","7号自由港，合同背面的字","2","下午","cargo","货仓","发车检查","haruka","","d1a-guards","安排弗兰和艾略特护卫货仓","","stat.risk-8 / stat.morale+4 / stat.supplies-3 / crew.fran+4 / crew.eliot+3","","","3","弗兰","有工作安排。"
"zh-CN","main","choice_result","d1a-guards.result","1","7号自由港，合同背面的字","2","下午","cargo","货仓","发车检查","haruka","","d1a-guards","安排弗兰和艾略特护卫货仓","","stat.risk-8 / stat.morale+4 / stat.supplies-3 / crew.fran+4 / crew.eliot+3","","","4","旁白","护卫排班贴上货仓门后，乘员的心反而稳了一点。箱体没有再扩大占用比例，像是在观察这道新边界。"
"zh-CN","main","choice_result","d1a-guards.result","1","7号自由港，合同背面的字","2","下午","cargo","货仓","发车检查","haruka","","d1a-guards","安排弗兰和艾略特护卫货仓","","stat.risk-8 / stat.morale+4 / stat.supplies-3 / crew.fran+4 / crew.eliot+3","","","5","列车长","辛苦你们。今晚如果有异常，先保人，再保货。"
"zh-CN","main","choice","d1a-box-fast","1","7号自由港，合同背面的字","2","下午","cargo","货仓","发车检查","haruka","","d1a-box-fast","让波克士完成快速发车流程","抢回准点，但可能跳过部分细检。","stat.onTime+1 / stat.condition-4 / crew.box-8","","","","",""
"zh-CN","main","choice_result","d1a-box-fast.result","1","7号自由港，合同背面的字","2","下午","cargo","货仓","发车检查","haruka","","d1a-box-fast","让波克士完成快速发车流程","","stat.onTime+1 / stat.condition-4 / crew.box-8","","","1","波克士","快速流程启动。半吊子列车长请把“全靠波克士”写入感谢名单。"
"zh-CN","main","choice_result","d1a-box-fast.result","1","7号自由港，合同背面的字","2","下午","cargo","货仓","发车检查","haruka","","d1a-box-fast","让波克士完成快速发车流程","","stat.onTime+1 / stat.condition-4 / crew.box-8","","","2","旁白","无垠号顺利提速，港区灯光向后退去。与此同时，遥在维修单上多写了一行：高速后复查第三节底线。"
"zh-CN","main","choice_result","d1a-box-fast.result","1","7号自由港，合同背面的字","2","下午","cargo","货仓","发车检查","haruka","","d1a-box-fast","让波克士完成快速发车流程","","stat.onTime+1 / stat.condition-4 / crew.box-8","","","3","遥","快是快。后面要补检查。"
"zh-CN","main","choice_result","d1a-box-fast.result","1","7号自由港，合同背面的字","2","下午","cargo","货仓","发车检查","haruka","","d1a-box-fast","让波克士完成快速发车流程","","stat.onTime+1 / stat.condition-4 / crew.box-8","","","4","列车长","记上。准点不是把检查吃掉的理由。"
"zh-CN","main","dialogue","d1s3.lines","1","7号自由港，合同背面的字","3","夜晚","lounge","车长室","第一段回传","livia","","","","","","","","1","旁白","夜色压到车窗上时，波克士截获了第一段低频回传。它不走公共频道，而是混在车底校准噪声里。"
"zh-CN","main","dialogue","d1s3.lines","1","7号自由港，合同背面的字","3","夜晚","lounge","车长室","第一段回传","livia","","","","","","","","2","波克士","回传格式接近阿妮塔旧试验线。内容破损。关键词：回声门、停止、交接。"
"zh-CN","main","dialogue","d1s3.lines","1","7号自由港，合同背面的字","3","夜晚","lounge","车长室","第一段回传","livia","","","","","","","","3","莉薇娅","回声门？我没有在公开研究所项目里见过这个名称。"
"zh-CN","main","dialogue","d1s3.lines","1","7号自由港，合同背面的字","3","夜晚","lounge","车长室","第一段回传","livia","","","","","","","","4","列车长","所以它不是普通校准核心。"
"zh-CN","main","dialogue","d1s3.lines","1","7号自由港，合同背面的字","3","夜晚","lounge","车长室","第一段回传","livia","","","","","","","","5","遥","箱体占用停止了。像在等我们听完。"
"zh-CN","main","dialogue","d1s3.lines","1","7号自由港，合同背面的字","3","夜晚","lounge","车长室","第一段回传","livia","","","","","","","","6","艾略特","这句话很恐怖，但至少这次我听懂了。"
"zh-CN","main","dialogue","d1s3.lines","1","7号自由港，合同背面的字","3","夜晚","lounge","车长室","第一段回传","livia","","","","","","","","7","弗兰","如果它在等，我们也不能只等。"
"zh-CN","main","dialogue","d1s3.lines","1","7号自由港，合同背面的字","3","夜晚","lounge","车长室","第一段回传","livia","","","","","","","","8","旁白","车长室桌面上同时摆着三份东西：合同附页、港务排班、波克士截获的音频波形。它们还不能组成真相，但已经足够证明这趟短途委托正在变长。"
"zh-CN","main","dialogue","d1s3.lines","1","7号自由港，合同背面的字","3","夜晚","lounge","车长室","第一段回传","livia","","","","","","","","9","列车长","今晚把能固定的证据先固定。明天到制造工厂支线前，我们要知道研究所到底想让我们错过什么。"
"zh-CN","main","dialogue","d1s3.lines","1","7号自由港，合同背面的字","3","夜晚","lounge","车长室","第一段回传","livia","","","","","","","","10","旁白","你把茶杯放到一边，忽然意识到这趟短途委托从一开始就不像运输，更像有人在等无垠号替他们踩下一枚已经埋好的按钮。"
"zh-CN","main","choice","d1n-livia-page","1","7号自由港，合同背面的字","3","夜晚","lounge","车长室","第一段回传","livia","","d1n-livia-page","和莉薇娅核对合同附页","把责任陷阱整理成可用证据。","stat.clues+2 / stat.fatigue+6 / crew.livia+8","","","","",""
"zh-CN","main","choice_result","d1n-livia-page.result","1","7号自由港，合同背面的字","3","夜晚","lounge","车长室","第一段回传","livia","","d1n-livia-page","和莉薇娅核对合同附页","","stat.clues+2 / stat.fatigue+6 / crew.livia+8","","","1","莉薇娅","我把责任条款、签收编号和港务排班放在同一页了。它们指向同一个结论。"
"zh-CN","main","choice_result","d1n-livia-page.result","1","7号自由港，合同背面的字","3","夜晚","lounge","车长室","第一段回传","livia","","d1n-livia-page","和莉薇娅核对合同附页","","stat.clues+2 / stat.fatigue+6 / crew.livia+8","","","2","列车长","有人要无垠号在不知情的状态下把异常核心送进研究所。"
"zh-CN","main","choice_result","d1n-livia-page.result","1","7号自由港，合同背面的字","3","夜晚","lounge","车长室","第一段回传","livia","","d1n-livia-page","和莉薇娅核对合同附页","","stat.clues+2 / stat.fatigue+6 / crew.livia+8","","","3","莉薇娅","而且最好准点、安静、没有额外见证。"
"zh-CN","main","choice_result","d1n-livia-page.result","1","7号自由港，合同背面的字","3","夜晚","lounge","车长室","第一段回传","livia","","d1n-livia-page","和莉薇娅核对合同附页","","stat.clues+2 / stat.fatigue+6 / crew.livia+8","","","4","旁白","她说得平稳，指尖却在签收编号旁停了很久。那不是害怕，是已经开始替你计算最坏结果。"
"zh-CN","main","choice","d1n-haruka","1","7号自由港，合同背面的字","3","夜晚","lounge","车长室","第一段回传","livia","","d1n-haruka","去货仓询问遥","确认箱体当前状态，补足技术判断。","stat.condition+4 / stat.fatigue+8 / crew.haruka+6 / crew.livia+1","","","","",""
"zh-CN","main","choice_result","d1n-haruka.result","1","7号自由港，合同背面的字","3","夜晚","lounge","车长室","第一段回传","livia","","d1n-haruka","去货仓询问遥","","stat.condition+4 / stat.fatigue+8 / crew.haruka+6 / crew.livia+1","","","1","遥","现在稳定。不是安全。"
"zh-CN","main","choice_result","d1n-haruka.result","1","7号自由港，合同背面的字","3","夜晚","lounge","车长室","第一段回传","livia","","d1n-haruka","去货仓询问遥","","stat.condition+4 / stat.fatigue+8 / crew.haruka+6 / crew.livia+1","","","2","列车长","区别？"
"zh-CN","main","choice_result","d1n-haruka.result","1","7号自由港，合同背面的字","3","夜晚","lounge","车长室","第一段回传","livia","","d1n-haruka","去货仓询问遥","","stat.condition+4 / stat.fatigue+8 / crew.haruka+6 / crew.livia+1","","","3","遥","稳定是它没动。安全是它动不了。"
"zh-CN","main","choice_result","d1n-haruka.result","1","7号自由港，合同背面的字","3","夜晚","lounge","车长室","第一段回传","livia","","d1n-haruka","去货仓询问遥","","stat.condition+4 / stat.fatigue+8 / crew.haruka+6 / crew.livia+1","","","4","列车长","明白。明天进制造工厂支线前，先做隔离测试。"
"zh-CN","main","choice_result","d1n-haruka.result","1","7号自由港，合同背面的字","3","夜晚","lounge","车长室","第一段回传","livia","","d1n-haruka","去货仓询问遥","","stat.condition+4 / stat.fatigue+8 / crew.haruka+6 / crew.livia+1","","","5","遥","好。需要十二分钟。"
"zh-CN","main","choice","d1n-box-decode","1","7号自由港，合同背面的字","3","夜晚","lounge","车长室","第一段回传","livia","","d1n-box-decode","让波克士解码回传，列车长休息","保存体力，同时获得音频证据。","stat.fatigue-10 / stat.clues+1 / crew.box-10","","","","",""
"zh-CN","main","choice_result","d1n-box-decode.result","1","7号自由港，合同背面的字","3","夜晚","lounge","车长室","第一段回传","livia","","d1n-box-decode","让波克士解码回传，列车长休息","","stat.fatigue-10 / stat.clues+1 / crew.box-10","","","1","波克士","全知者波克士将承担额外脑力劳动。列车长请不要在睡梦中继续做错误决策。"
"zh-CN","main","choice_result","d1n-box-decode.result","1","7号自由港，合同背面的字","3","夜晚","lounge","车长室","第一段回传","livia","","d1n-box-decode","让波克士解码回传，列车长休息","","stat.fatigue-10 / stat.clues+1 / crew.box-10","","","2","旁白","证据四：低频回传里反复出现“回声门试验线”和“停止交接”两段残句。"
"zh-CN","main","choice_result","d1n-box-decode.result","1","7号自由港，合同背面的字","3","夜晚","lounge","车长室","第一段回传","livia","","d1n-box-decode","让波克士解码回传，列车长休息","","stat.fatigue-10 / stat.clues+1 / crew.box-10","","","3","莉薇娅","我会守着解码进度。列车长，您真的需要睡。"
"zh-CN","main","choice_result","d1n-box-decode.result","1","7号自由港，合同背面的字","3","夜晚","lounge","车长室","第一段回传","livia","","d1n-box-decode","让波克士解码回传，列车长休息","","stat.fatigue-10 / stat.clues+1 / crew.box-10","","","4","列车长","半小时。超过半小时叫醒我。"
"zh-CN","main","choice_result","d1n-box-decode.result","1","7号自由港，合同背面的字","3","夜晚","lounge","车长室","第一段回传","livia","","d1n-box-decode","让波克士解码回传，列车长休息","","stat.fatigue-10 / stat.clues+1 / crew.box-10","","","5","莉薇娅","……我会在需要您的时候叫醒您。"
"zh-CN","main","dialogue","d2s1.lines","2","阿妮塔制造工厂支线，第一次试探","1","上午","research","阿妮塔制造工厂支线","临时诊断请求","livia","","","","","","","","1","旁白","第二天上午，无垠号进入阿妮塔制造工厂支线。这里不是目的地，只是通往能源研究所的前置工业区。"
"zh-CN","main","dialogue","d2s1.lines","2","阿妮塔制造工厂支线，第一次试探","1","上午","research","阿妮塔制造工厂支线","临时诊断请求","livia","","","","","","","","2","旁白","轨道两侧堆着尚未装配的稳定器外壳，工厂广播的语气很礼貌，却每隔三分钟重复一次“承运列车请配合远程诊断”。"
"zh-CN","main","dialogue","d2s1.lines","2","阿妮塔制造工厂支线，第一次试探","1","上午","research","阿妮塔制造工厂支线","临时诊断请求","livia","","","","","","","","3","研究员","无垠号，研究所建议接入临时诊断端口。只读，不写入，不影响交付。"
"zh-CN","main","dialogue","d2s1.lines","2","阿妮塔制造工厂支线，第一次试探","1","上午","research","阿妮塔制造工厂支线","临时诊断请求","livia","","","","","","","","4","波克士","哔哔。对方说“只读”时，端口权限申请里出现了写入项。人类撒谎越来越不注重格式美。"
"zh-CN","main","dialogue","d2s1.lines","2","阿妮塔制造工厂支线，第一次试探","1","上午","research","阿妮塔制造工厂支线","临时诊断请求","livia","","","","","","","","5","遥","端口会进车底。"
"zh-CN","main","dialogue","d2s1.lines","2","阿妮塔制造工厂支线，第一次试探","1","上午","research","阿妮塔制造工厂支线","临时诊断请求","livia","","","","","","","","6","列车长","能挡？"
"zh-CN","main","dialogue","d2s1.lines","2","阿妮塔制造工厂支线，第一次试探","1","上午","research","阿妮塔制造工厂支线","临时诊断请求","livia","","","","","","","","7","遥","能。挡了他们会知道。"
"zh-CN","main","dialogue","d2s1.lines","2","阿妮塔制造工厂支线，第一次试探","1","上午","research","阿妮塔制造工厂支线","临时诊断请求","livia","","","","","","","","8","莉薇娅","如果不接，他们会说我们拒绝协助。如果接，我们可能把控制权交出去。"
"zh-CN","main","dialogue","d2s1.lines","2","阿妮塔制造工厂支线，第一次试探","1","上午","research","阿妮塔制造工厂支线","临时诊断请求","livia","","","","","","","","9","列车长","那就选一种我们能解释、也能承担的方式。"
"zh-CN","main","dialogue","d2s1.lines","2","阿妮塔制造工厂支线，第一次试探","1","上午","research","阿妮塔制造工厂支线","临时诊断请求","livia","","","","","","","","10","旁白","支线远处的工厂烟塔没有完全停摆，红色维护灯在雾里一闪一闪，像有人故意把正常与异常混在同一张排班表里。"
"zh-CN","main","choice","d2m-refuse","2","阿妮塔制造工厂支线，第一次试探","1","上午","research","阿妮塔制造工厂支线","临时诊断请求","livia","","d2m-refuse","拒绝接入，维持原路线","保护列车控制权，但让研究所掌握舆论主动。","stat.onTime+1 / stat.credit+5 / stat.clues-1 / stat.risk+6 / crew.livia-2","","","","",""
"zh-CN","main","choice_result","d2m-refuse.result","2","阿妮塔制造工厂支线，第一次试探","1","上午","research","阿妮塔制造工厂支线","临时诊断请求","livia","","d2m-refuse","拒绝接入，维持原路线","","stat.onTime+1 / stat.credit+5 / stat.clues-1 / stat.risk+6 / crew.livia-2","","","1","列车长","不接端口。请对方把诊断需求以正式文件发来。"
"zh-CN","main","choice_result","d2m-refuse.result","2","阿妮塔制造工厂支线，第一次试探","1","上午","research","阿妮塔制造工厂支线","临时诊断请求","livia","","d2m-refuse","拒绝接入，维持原路线","","stat.onTime+1 / stat.credit+5 / stat.clues-1 / stat.risk+6 / crew.livia-2","","","2","研究员","拒绝配合可能导致交付风险上升。"
"zh-CN","main","choice_result","d2m-refuse.result","2","阿妮塔制造工厂支线，第一次试探","1","上午","research","阿妮塔制造工厂支线","临时诊断请求","livia","","d2m-refuse","拒绝接入，维持原路线","","stat.onTime+1 / stat.credit+5 / stat.clues-1 / stat.risk+6 / crew.livia-2","","","3","莉薇娅","我会回复：未说明写入权限前，承运方无法确认风险边界。"
"zh-CN","main","choice_result","d2m-refuse.result","2","阿妮塔制造工厂支线，第一次试探","1","上午","research","阿妮塔制造工厂支线","临时诊断请求","livia","","d2m-refuse","拒绝接入，维持原路线","","stat.onTime+1 / stat.credit+5 / stat.clues-1 / stat.risk+6 / crew.livia-2","","","4","旁白","研究所通讯沉默了七秒。七秒后，工厂支线的绿灯少亮了一盏。"
"zh-CN","main","choice","d2m-data","2","阿妮塔制造工厂支线，第一次试探","1","上午","research","阿妮塔制造工厂支线","临时诊断请求","livia","","d2m-data","只接收数据包，不开放列车端口","折中获取研究所资料，防止对方写入。","stat.onTime-1 / stat.clues+2 / stat.fuel-5 / stat.credit-3","","","","",""
"zh-CN","main","choice_result","d2m-data.result","2","阿妮塔制造工厂支线，第一次试探","1","上午","research","阿妮塔制造工厂支线","临时诊断请求","livia","","d2m-data","只接收数据包，不开放列车端口","","stat.onTime-1 / stat.clues+2 / stat.fuel-5 / stat.credit-3","","","1","波克士","数据包隔离接收完成。伟大的波克士用沙盒保护了半吊子列车长脆弱的判断环境。"
"zh-CN","main","choice_result","d2m-data.result","2","阿妮塔制造工厂支线，第一次试探","1","上午","research","阿妮塔制造工厂支线","临时诊断请求","livia","","d2m-data","只接收数据包，不开放列车端口","","stat.onTime-1 / stat.clues+2 / stat.fuel-5 / stat.credit-3","","","2","旁白","证据五：研究所请求的数据端口不是诊断口，而是可写入控制口。"
"zh-CN","main","choice_result","d2m-data.result","2","阿妮塔制造工厂支线，第一次试探","1","上午","research","阿妮塔制造工厂支线","临时诊断请求","livia","","d2m-data","只接收数据包，不开放列车端口","","stat.onTime-1 / stat.clues+2 / stat.fuel-5 / stat.credit-3","","","3","遥","校准表是真的。端口说明是假的。"
"zh-CN","main","choice_result","d2m-data.result","2","阿妮塔制造工厂支线，第一次试探","1","上午","research","阿妮塔制造工厂支线","临时诊断请求","livia","","d2m-data","只接收数据包，不开放列车端口","","stat.onTime-1 / stat.clues+2 / stat.fuel-5 / stat.credit-3","","","4","列车长","这份假说明留着。之后他们如果说只是诊断，我们就把端口权限摆出来。"
"zh-CN","main","choice","d2m-sample","2","阿妮塔制造工厂支线，第一次试探","1","上午","research","阿妮塔制造工厂支线","临时诊断请求","livia","","d2m-sample","完整停靠，协助回收样本数据","获得更多技术资料，但让研究所更接近货物。","stat.onTime-2 / stat.fuel-10 / stat.clues+3 / stat.credit-8 / crew.haruka+5","","","","",""
"zh-CN","main","choice_result","d2m-sample.result","2","阿妮塔制造工厂支线，第一次试探","1","上午","research","阿妮塔制造工厂支线","临时诊断请求","livia","","d2m-sample","完整停靠，协助回收样本数据","","stat.onTime-2 / stat.fuel-10 / stat.clues+3 / stat.credit-8 / crew.haruka+5","","","1","研究员","感谢配合。请保持箱体供电稳定。"
"zh-CN","main","choice_result","d2m-sample.result","2","阿妮塔制造工厂支线，第一次试探","1","上午","research","阿妮塔制造工厂支线","临时诊断请求","livia","","d2m-sample","完整停靠，协助回收样本数据","","stat.onTime-2 / stat.fuel-10 / stat.clues+3 / stat.credit-8 / crew.haruka+5","","","2","遥","他们在看核心，不是在看列车。"
"zh-CN","main","choice_result","d2m-sample.result","2","阿妮塔制造工厂支线，第一次试探","1","上午","research","阿妮塔制造工厂支线","临时诊断请求","livia","","d2m-sample","完整停靠，协助回收样本数据","","stat.onTime-2 / stat.fuel-10 / stat.clues+3 / stat.credit-8 / crew.haruka+5","","","3","列车长","波克士，记录所有访问请求。莉薇娅，要求他们留下工号。"
"zh-CN","main","choice_result","d2m-sample.result","2","阿妮塔制造工厂支线，第一次试探","1","上午","research","阿妮塔制造工厂支线","临时诊断请求","livia","","d2m-sample","完整停靠，协助回收样本数据","","stat.onTime-2 / stat.fuel-10 / stat.clues+3 / stat.credit-8 / crew.haruka+5","","","4","旁白","研究员的声音仍然礼貌，但背景里有人低声说了一句“回声门残留仍在”。这句话被波克士完整保存。"
"zh-CN","main","dialogue","d2s2.lines","2","阿妮塔制造工厂支线，第一次试探","2","下午","cab","驾驶室","功率分配","haruka","","","","","","","","1","旁白","下午，制造工厂支线进入长坡。箱体开始规律耗电，像一个不在乘员名单里的沉默乘客。"
"zh-CN","main","dialogue","d2s2.lines","2","阿妮塔制造工厂支线，第一次试探","2","下午","cab","驾驶室","功率分配","haruka","","","","","","","","2","遥","稳定器吃电。当前负载偏高。"
"zh-CN","main","dialogue","d2s2.lines","2","阿妮塔制造工厂支线，第一次试探","2","下午","cab","驾驶室","功率分配","haruka","","","","","","","","3","列车长","说方案。"
"zh-CN","main","dialogue","d2s2.lines","2","阿妮塔制造工厂支线，第一次试探","2","下午","cab","驾驶室","功率分配","haruka","","","","","","","","4","遥","一，加旁路。费材料。二，切舒适供电。人会累。三，维持现状。车会累。"
"zh-CN","main","dialogue","d2s2.lines","2","阿妮塔制造工厂支线，第一次试探","2","下午","cab","驾驶室","功率分配","haruka","","","","","","","","5","艾略特","我第一次听见有人把列车和人都说得这么惨。"
"zh-CN","main","dialogue","d2s2.lines","2","阿妮塔制造工厂支线，第一次试探","2","下午","cab","驾驶室","功率分配","haruka","","","","","","","","6","弗兰","至少很清楚。"
"zh-CN","main","dialogue","d2s2.lines","2","阿妮塔制造工厂支线，第一次试探","2","下午","cab","驾驶室","功率分配","haruka","","","","","","","","7","莉薇娅","乘员已经听见夜里的异常广播。如果再切舒适供电，士气会受影响。"
"zh-CN","main","dialogue","d2s2.lines","2","阿妮塔制造工厂支线，第一次试探","2","下午","cab","驾驶室","功率分配","haruka","","","","","","","","8","波克士","本机建议列车长不要用“大家撑一下”作为万能解决方案。该方案已被历史证明很偷懒。"
"zh-CN","main","dialogue","d2s2.lines","2","阿妮塔制造工厂支线，第一次试探","2","下午","cab","驾驶室","功率分配","haruka","","","","","","","","9","列车长","那就不偷懒。我们明确代价。"
"zh-CN","main","dialogue","d2s2.lines","2","阿妮塔制造工厂支线，第一次试探","2","下午","cab","驾驶室","功率分配","haruka","","","","","","","","10","旁白","波克士把公开行车图和箱体回传叠在一起，两条线没有重合，却在同一处开始互相吸引。"
"zh-CN","main","choice","d2a-bypass","2","阿妮塔制造工厂支线，第一次试探","2","下午","cab","驾驶室","功率分配","haruka","","d2a-bypass","让遥加装旁路稳定器","用材料和疲劳换列车稳定。","stat.condition+10 / stat.supplies-5 / stat.fatigue+8 / crew.haruka+8","","","","",""
"zh-CN","main","choice_result","d2a-bypass.result","2","阿妮塔制造工厂支线，第一次试探","2","下午","cab","驾驶室","功率分配","haruka","","d2a-bypass","让遥加装旁路稳定器","","stat.condition+10 / stat.supplies-5 / stat.fatigue+8 / crew.haruka+8","","","1","遥","旁路能撑到研究所接驳区。之后必须拆。"
"zh-CN","main","choice_result","d2a-bypass.result","2","阿妮塔制造工厂支线，第一次试探","2","下午","cab","驾驶室","功率分配","haruka","","d2a-bypass","让遥加装旁路稳定器","","stat.condition+10 / stat.supplies-5 / stat.fatigue+8 / crew.haruka+8","","","2","旁白","她钻进检修口前，把材料清单贴到门边。每一项都写着用途，没有一句多余解释。"
"zh-CN","main","choice_result","d2a-bypass.result","2","阿妮塔制造工厂支线，第一次试探","2","下午","cab","驾驶室","功率分配","haruka","","d2a-bypass","让遥加装旁路稳定器","","stat.condition+10 / stat.supplies-5 / stat.fatigue+8 / crew.haruka+8","","","3","列车长","我会让弗兰给你留安全距离。不要一个人卡在车底。"
"zh-CN","main","choice_result","d2a-bypass.result","2","阿妮塔制造工厂支线，第一次试探","2","下午","cab","驾驶室","功率分配","haruka","","d2a-bypass","让遥加装旁路稳定器","","stat.condition+10 / stat.supplies-5 / stat.fatigue+8 / crew.haruka+8","","","4","遥","知道。十五分钟后叫我。"
"zh-CN","main","choice","d2a-power-save","2","阿妮塔制造工厂支线，第一次试探","2","下午","cab","驾驶室","功率分配","haruka","","d2a-power-save","让波克士限制非必要供电","省燃料，但乘员会明显感到不适。","stat.fuel+5 / stat.morale-8 / crew.box-4","","","","",""
"zh-CN","main","choice_result","d2a-power-save.result","2","阿妮塔制造工厂支线，第一次试探","2","下午","cab","驾驶室","功率分配","haruka","","d2a-power-save","让波克士限制非必要供电","","stat.fuel+5 / stat.morale-8 / crew.box-4","","","1","波克士","省电模式启动。餐车照明下降，座椅加热关闭，列车长装作不冷的成功率下降。"
"zh-CN","main","choice_result","d2a-power-save.result","2","阿妮塔制造工厂支线，第一次试探","2","下午","cab","驾驶室","功率分配","haruka","","d2a-power-save","让波克士限制非必要供电","","stat.fuel+5 / stat.morale-8 / crew.box-4","","","2","艾略特","我现在就开始怀念刚才那个不省电的世界。"
"zh-CN","main","choice_result","d2a-power-save.result","2","阿妮塔制造工厂支线，第一次试探","2","下午","cab","驾驶室","功率分配","haruka","","d2a-power-save","让波克士限制非必要供电","","stat.fuel+5 / stat.morale-8 / crew.box-4","","","3","旁白","乘员们把外套拉紧。箱体耗电曲线变平，却没有下降，像是在用更小的声音继续说同一句话。"
"zh-CN","main","choice_result","d2a-power-save.result","2","阿妮塔制造工厂支线，第一次试探","2","下午","cab","驾驶室","功率分配","haruka","","d2a-power-save","让波克士限制非必要供电","","stat.fuel+5 / stat.morale-8 / crew.box-4","","","4","莉薇娅","我会去说明原因。不要让大家以为我们只是为了赶路省灯。"
"zh-CN","main","choice","d2a-comfort","2","阿妮塔制造工厂支线，第一次试探","2","下午","cab","驾驶室","功率分配","haruka","","d2a-comfort","保持乘员舒适，承受功率波动","稳定人心，但列车负担变重。","stat.morale+6 / stat.condition-10 / stat.risk+5 / crew.livia+2","","","","",""
"zh-CN","main","choice_result","d2a-comfort.result","2","阿妮塔制造工厂支线，第一次试探","2","下午","cab","驾驶室","功率分配","haruka","","d2a-comfort","保持乘员舒适，承受功率波动","","stat.morale+6 / stat.condition-10 / stat.risk+5 / crew.livia+2","","","1","列车长","不切乘员供电。车的压力我会写进记录，不能把所有成本转给人。"
"zh-CN","main","choice_result","d2a-comfort.result","2","阿妮塔制造工厂支线，第一次试探","2","下午","cab","驾驶室","功率分配","haruka","","d2a-comfort","保持乘员舒适，承受功率波动","","stat.morale+6 / stat.condition-10 / stat.risk+5 / crew.livia+2","","","2","遥","车会响。"
"zh-CN","main","choice_result","d2a-comfort.result","2","阿妮塔制造工厂支线，第一次试探","2","下午","cab","驾驶室","功率分配","haruka","","d2a-comfort","保持乘员舒适，承受功率波动","","stat.morale+6 / stat.condition-10 / stat.risk+5 / crew.livia+2","","","3","列车长","我知道。你把响的位置标出来，我们分段处理。"
"zh-CN","main","choice_result","d2a-comfort.result","2","阿妮塔制造工厂支线，第一次试探","2","下午","cab","驾驶室","功率分配","haruka","","d2a-comfort","保持乘员舒适，承受功率波动","","stat.morale+6 / stat.condition-10 / stat.risk+5 / crew.livia+2","","","4","旁白","遥点头。她没有赞同你的温柔，只确认了这是一条能执行的维修路线。"
"zh-CN","main","dialogue","d2s3.lines","2","阿妮塔制造工厂支线，第一次试探","3","夜晚","dining","餐车","乘员说明会","livia","","","","","","","","1","旁白","夜晚的餐车没有往常热闹。省电或不省电都改变不了一件事：大家知道这趟货不普通。"
"zh-CN","main","dialogue","d2s3.lines","2","阿妮塔制造工厂支线，第一次试探","3","夜晚","dining","餐车","乘员说明会","livia","","","","","","","","2","莉薇娅","我建议开一次乘员说明。只说确认过的事实，不制造恐慌。"
"zh-CN","main","dialogue","d2s3.lines","2","阿妮塔制造工厂支线，第一次试探","3","夜晚","dining","餐车","乘员说明会","livia","","","","","","","","3","艾略特","可以顺便说明一下我不是不想站岗，只是希望站得更有意义吗？"
"zh-CN","main","dialogue","d2s3.lines","2","阿妮塔制造工厂支线，第一次试探","3","夜晚","dining","餐车","乘员说明会","livia","","","","","","","","4","弗兰","不可以。"
"zh-CN","main","dialogue","d2s3.lines","2","阿妮塔制造工厂支线，第一次试探","3","夜晚","dining","餐车","乘员说明会","livia","","","","","","","","5","波克士","本机可以广播：列车长仍在努力表现得可靠，请各位给予最低限度鼓励。"
"zh-CN","main","dialogue","d2s3.lines","2","阿妮塔制造工厂支线，第一次试探","3","夜晚","dining","餐车","乘员说明会","livia","","","","","","","","6","列车长","不许播这句。"
"zh-CN","main","dialogue","d2s3.lines","2","阿妮塔制造工厂支线，第一次试探","3","夜晚","dining","餐车","乘员说明会","livia","","","","","","","","7","遥","车底稳定。三小时后复查。"
"zh-CN","main","dialogue","d2s3.lines","2","阿妮塔制造工厂支线，第一次试探","3","夜晚","dining","餐车","乘员说明会","livia","","","","","","","","8","列车长","好。今晚我们要让乘员知道目标：安全把货送到研究所，但不替任何人背黑锅。"
"zh-CN","main","dialogue","d2s3.lines","2","阿妮塔制造工厂支线，第一次试探","3","夜晚","dining","餐车","乘员说明会","livia","","","","","","","","9","旁白","目标第一次被清楚说出口。不是赶路，不是交货，而是把所有人和真相一起带到终点。"
"zh-CN","main","dialogue","d2s3.lines","2","阿妮塔制造工厂支线，第一次试探","3","夜晚","dining","餐车","乘员说明会","livia","","","","","","","","10","旁白","短暂的安静让每个人都能听见列车底部细微的震动声。它不响，却像一个还没被问出口的问题。"
"zh-CN","main","choice","d2n-livia-care","2","阿妮塔制造工厂支线，第一次试探","3","夜晚","dining","餐车","乘员说明会","livia","","d2n-livia-care","陪莉薇娅向乘员说明情况","提升士气，但消耗列车长与莉薇娅精力。","stat.morale+12 / stat.fatigue+4 / crew.livia+8 / crew.fran+2 / crew.eliot+2","","","","",""
"zh-CN","main","choice_result","d2n-livia-care.result","2","阿妮塔制造工厂支线，第一次试探","3","夜晚","dining","餐车","乘员说明会","livia","","d2n-livia-care","陪莉薇娅向乘员说明情况","","stat.morale+12 / stat.fatigue+4 / crew.livia+8 / crew.fran+2 / crew.eliot+2","","","1","列车长","各位，这趟委托有异常，但列车组已经掌握了几项证据。我们会继续跑，也会继续查。"
"zh-CN","main","choice_result","d2n-livia-care.result","2","阿妮塔制造工厂支线，第一次试探","3","夜晚","dining","餐车","乘员说明会","livia","","d2n-livia-care","陪莉薇娅向乘员说明情况","","stat.morale+12 / stat.fatigue+4 / crew.livia+8 / crew.fran+2 / crew.eliot+2","","","2","莉薇娅","如果需要临时调整照明、供餐或车厢通行，我会提前说明原因。不会让大家只听见警报。"
"zh-CN","main","choice_result","d2n-livia-care.result","2","阿妮塔制造工厂支线，第一次试探","3","夜晚","dining","餐车","乘员说明会","livia","","d2n-livia-care","陪莉薇娅向乘员说明情况","","stat.morale+12 / stat.fatigue+4 / crew.livia+8 / crew.fran+2 / crew.eliot+2","","","3","旁白","餐车里有人松了口气。恐惧没有消失，但它被命名、被解释，也就不再完全控制这节车厢。"
"zh-CN","main","choice_result","d2n-livia-care.result","2","阿妮塔制造工厂支线，第一次试探","3","夜晚","dining","餐车","乘员说明会","livia","","d2n-livia-care","陪莉薇娅向乘员说明情况","","stat.morale+12 / stat.fatigue+4 / crew.livia+8 / crew.fran+2 / crew.eliot+2","","","4","艾略特","列车长，你刚才那段挺像样的。就是如果能顺便宣布夜宵加量会更像样。"
"zh-CN","main","choice","d2n-haruka-noise","2","阿妮塔制造工厂支线，第一次试探","3","夜晚","dining","餐车","乘员说明会","livia","","d2n-haruka-noise","继续和遥排查车底噪音","补足技术证据，但乘员说明不足。","stat.condition+6 / stat.clues+1 / stat.morale-4 / stat.fatigue+10 / crew.haruka+5","","","","",""
"zh-CN","main","choice_result","d2n-haruka-noise.result","2","阿妮塔制造工厂支线，第一次试探","3","夜晚","dining","餐车","乘员说明会","livia","","d2n-haruka-noise","继续和遥排查车底噪音","","stat.condition+6 / stat.clues+1 / stat.morale-4 / stat.fatigue+10 / crew.haruka+5","","","1","遥","噪音不是噪音。是校准脉冲。频率对应旧试验线。"
"zh-CN","main","choice_result","d2n-haruka-noise.result","2","阿妮塔制造工厂支线，第一次试探","3","夜晚","dining","餐车","乘员说明会","livia","","d2n-haruka-noise","继续和遥排查车底噪音","","stat.condition+6 / stat.clues+1 / stat.morale-4 / stat.fatigue+10 / crew.haruka+5","","","2","列车长","能定位到哪条？"
"zh-CN","main","choice_result","d2n-haruka-noise.result","2","阿妮塔制造工厂支线，第一次试探","3","夜晚","dining","餐车","乘员说明会","livia","","d2n-haruka-noise","继续和遥排查车底噪音","","stat.condition+6 / stat.clues+1 / stat.morale-4 / stat.fatigue+10 / crew.haruka+5","","","3","遥","阿妮塔能源研究所，回声门试验线。停用记录缺失。"
"zh-CN","main","choice_result","d2n-haruka-noise.result","2","阿妮塔制造工厂支线，第一次试探","3","夜晚","dining","餐车","乘员说明会","livia","","d2n-haruka-noise","继续和遥排查车底噪音","","stat.condition+6 / stat.clues+1 / stat.morale-4 / stat.fatigue+10 / crew.haruka+5","","","4","旁白","这是第一次，异常有了准确名字。遥把结果写得很短，但足够让整条真相线向前推进。"
"zh-CN","main","choice","d2n-box-broadcast","2","阿妮塔制造工厂支线，第一次试探","3","夜晚","dining","餐车","乘员说明会","livia","","d2n-box-broadcast","让波克士接管广播","节省精力，效果稳定但语气难控。","stat.morale+4 / stat.fatigue-4 / crew.box-8","","","","",""
"zh-CN","main","choice_result","d2n-box-broadcast.result","2","阿妮塔制造工厂支线，第一次试探","3","夜晚","dining","餐车","乘员说明会","livia","","d2n-box-broadcast","让波克士接管广播","","stat.morale+4 / stat.fatigue-4 / crew.box-8","","","1","波克士","各位乘员请注意：恐慌会降低判断效率，盲目信任列车长也会。最佳方案是听从波克士与莉薇娅小姐的优秀安排。"
"zh-CN","main","choice_result","d2n-box-broadcast.result","2","阿妮塔制造工厂支线，第一次试探","3","夜晚","dining","餐车","乘员说明会","livia","","d2n-box-broadcast","让波克士接管广播","","stat.morale+4 / stat.fatigue-4 / crew.box-8","","","2","莉薇娅","波克士。"
"zh-CN","main","choice_result","d2n-box-broadcast.result","2","阿妮塔制造工厂支线，第一次试探","3","夜晚","dining","餐车","乘员说明会","livia","","d2n-box-broadcast","让波克士接管广播","","stat.morale+4 / stat.fatigue-4 / crew.box-8","","","3","波克士","补充：列车长也在努力。"
"zh-CN","main","choice_result","d2n-box-broadcast.result","2","阿妮塔制造工厂支线，第一次试探","3","夜晚","dining","餐车","乘员说明会","livia","","d2n-box-broadcast","让波克士接管广播","","stat.morale+4 / stat.fatigue-4 / crew.box-8","","","4","旁白","广播效果意外不错。至少大家都开始讨论波克士到底算安慰还是冒犯，暂时忘了去盯货仓门。"
"zh-CN","main","dialogue","d3s1.lines","3","阿妮塔换轨所，重复的路","1","上午","outpost","阿妮塔换轨所","前置安全检查","livia","","","","","","","","1","旁白","第三天上午，无垠号抵达阿妮塔换轨所。这里是进入能源研究所前的最后一处公开站点，所有公开轨道都指向同一个结论：继续向东，不该绕远。"
"zh-CN","main","dialogue","d3s1.lines","3","阿妮塔换轨所，重复的路","1","上午","outpost","阿妮塔换轨所","前置安全检查","livia","","","","","","","","2","换轨站员","研究所方向临时安全检查。承运列车请提交货物状态和行车日志摘要。"
"zh-CN","main","dialogue","d3s1.lines","3","阿妮塔换轨所，重复的路","1","上午","outpost","阿妮塔换轨所","前置安全检查","livia","","","","","","","","3","莉薇娅","他们要摘要，不要完整日志。"
"zh-CN","main","dialogue","d3s1.lines","3","阿妮塔换轨所，重复的路","1","上午","outpost","阿妮塔换轨所","前置安全检查","livia","","","","","","","","4","列车长","因为摘要更方便他们挑想看的部分。"
"zh-CN","main","dialogue","d3s1.lines","3","阿妮塔换轨所，重复的路","1","上午","outpost","阿妮塔换轨所","前置安全检查","livia","","","","","","","","5","波克士","哔哔。换轨所数据库显示，检查命令来自研究所安全部，不是站点调度。"
"zh-CN","main","dialogue","d3s1.lines","3","阿妮塔换轨所，重复的路","1","上午","outpost","阿妮塔换轨所","前置安全检查","livia","","","","","","","","6","遥","箱体占用降到零。"
"zh-CN","main","dialogue","d3s1.lines","3","阿妮塔换轨所，重复的路","1","上午","outpost","阿妮塔换轨所","前置安全检查","livia","","","","","","","","7","列车长","它安静了？"
"zh-CN","main","dialogue","d3s1.lines","3","阿妮塔换轨所，重复的路","1","上午","outpost","阿妮塔换轨所","前置安全检查","livia","","","","","","","","8","遥","等扫描。"
"zh-CN","main","dialogue","d3s1.lines","3","阿妮塔换轨所，重复的路","1","上午","outpost","阿妮塔换轨所","前置安全检查","livia","","","","","","","","9","弗兰","站台上有两组便衣。不是普通检查。"
"zh-CN","main","dialogue","d3s1.lines","3","阿妮塔换轨所，重复的路","1","上午","outpost","阿妮塔换轨所","前置安全检查","livia","","","","","","","","10","艾略特","我讨厌这种大家都知道不普通但还要装普通的场面。"
"zh-CN","main","dialogue","d3s1.lines","3","阿妮塔换轨所，重复的路","1","上午","outpost","阿妮塔换轨所","前置安全检查","livia","","","","","","","","11","旁白","安全检查的闸门慢慢落下。闸门上写着“为保障交接效率”，像一句提前准备好的借口。"
"zh-CN","main","choice","d3m-full-check","3","阿妮塔换轨所，重复的路","1","上午","outpost","阿妮塔换轨所","前置安全检查","livia","","d3m-full-check","接受完整检查，但要求见证记录","降低风险，取得研究所安全部介入证据。","stat.onTime-2 / stat.risk-12 / stat.credit-4 / stat.clues+1 / stat.shizuru+1","","","","",""
"zh-CN","main","choice_result","d3m-full-check.result","3","阿妮塔换轨所，重复的路","1","上午","outpost","阿妮塔换轨所","前置安全检查","livia","","d3m-full-check","接受完整检查，但要求见证记录","","stat.onTime-2 / stat.risk-12 / stat.credit-4 / stat.clues+1 / stat.shizuru+1","","","1","列车长","可以检查，但必须全程留存记录，莉薇娅和波克士各保存一份。"
"zh-CN","main","choice_result","d3m-full-check.result","3","阿妮塔换轨所，重复的路","1","上午","outpost","阿妮塔换轨所","前置安全检查","livia","","d3m-full-check","接受完整检查，但要求见证记录","","stat.onTime-2 / stat.risk-12 / stat.credit-4 / stat.clues+1 / stat.shizuru+1","","","2","换轨站员","这会降低效率。"
"zh-CN","main","choice_result","d3m-full-check.result","3","阿妮塔换轨所，重复的路","1","上午","outpost","阿妮塔换轨所","前置安全检查","livia","","d3m-full-check","接受完整检查，但要求见证记录","","stat.onTime-2 / stat.risk-12 / stat.credit-4 / stat.clues+1 / stat.shizuru+1","","","3","莉薇娅","比起事后说不清，降低效率更安全。"
"zh-CN","main","choice_result","d3m-full-check.result","3","阿妮塔换轨所，重复的路","1","上午","outpost","阿妮塔换轨所","前置安全检查","livia","","d3m-full-check","接受完整检查，但要求见证记录","","stat.onTime-2 / stat.risk-12 / stat.credit-4 / stat.clues+1 / stat.shizuru+1","","","4","旁白","扫描开始后，箱体外壳短暂升温。遥没有说话，只把温度曲线截屏，标上“外部扫描触发”。"
"zh-CN","main","choice_result","d3m-full-check.result","3","阿妮塔换轨所，重复的路","1","上午","outpost","阿妮塔换轨所","前置安全检查","livia","","d3m-full-check","接受完整检查，但要求见证记录","","stat.onTime-2 / stat.risk-12 / stat.credit-4 / stat.clues+1 / stat.shizuru+1","","","5","波克士","记录：研究所安全部已主动接触货物。未来甩锅空间缩小，可喜可贺。"
"zh-CN","main","choice","d3m-fast-pass","3","阿妮塔换轨所，重复的路","1","上午","outpost","阿妮塔换轨所","前置安全检查","livia","","d3m-fast-pass","提交风险记录，申请快速通行","保留主动权，但检查深度不足。","stat.onTime-1 / stat.risk-6 / stat.credit+2 / crew.livia+4","any: livia>=14 / clues>=4","","","",""
"zh-CN","main","choice_result","d3m-fast-pass.result","3","阿妮塔换轨所，重复的路","1","上午","outpost","阿妮塔换轨所","前置安全检查","livia","","d3m-fast-pass","提交风险记录，申请快速通行","","stat.onTime-1 / stat.risk-6 / stat.credit+2 / crew.livia+4","any: livia>=14 / clues>=4","","1","莉薇娅","我提交风险摘要和合同疑点，只开放必要字段。"
"zh-CN","main","choice_result","d3m-fast-pass.result","3","阿妮塔换轨所，重复的路","1","上午","outpost","阿妮塔换轨所","前置安全检查","livia","","d3m-fast-pass","提交风险记录，申请快速通行","","stat.onTime-1 / stat.risk-6 / stat.credit+2 / crew.livia+4","any: livia>=14 / clues>=4","","2","换轨站员","快速通行批准。后续风险由承运方自行承担。"
"zh-CN","main","choice_result","d3m-fast-pass.result","3","阿妮塔换轨所，重复的路","1","上午","outpost","阿妮塔换轨所","前置安全检查","livia","","d3m-fast-pass","提交风险记录，申请快速通行","","stat.onTime-1 / stat.risk-6 / stat.credit+2 / crew.livia+4","any: livia>=14 / clues>=4","","3","列车长","把这句话也写进去。"
"zh-CN","main","choice_result","d3m-fast-pass.result","3","阿妮塔换轨所，重复的路","1","上午","outpost","阿妮塔换轨所","前置安全检查","livia","","d3m-fast-pass","提交风险记录，申请快速通行","","stat.onTime-1 / stat.risk-6 / stat.credit+2 / crew.livia+4","any: livia>=14 / clues>=4","","4","旁白","无垠号通过闸门。效率保住了，但你知道对方也拿到了一句方便以后引用的话。"
"zh-CN","main","choice","d3m-bypass","3","阿妮塔换轨所，重复的路","1","上午","outpost","阿妮塔换轨所","前置安全检查","livia","","d3m-bypass","绕开换轨所检查","抢时间，但让研究所更容易指控无垠号违规。","stat.fuel-15 / stat.risk+18 / stat.credit-12 / stat.onTime+1 / crew.fran+2 / crew.eliot+2","","","","",""
"zh-CN","main","choice_result","d3m-bypass.result","3","阿妮塔换轨所，重复的路","1","上午","outpost","阿妮塔换轨所","前置安全检查","livia","","d3m-bypass","绕开换轨所检查","","stat.fuel-15 / stat.risk+18 / stat.credit-12 / stat.onTime+1 / crew.fran+2 / crew.eliot+2","","","1","弗兰","备用轨道能走。风险是没人替我们作证。"
"zh-CN","main","choice_result","d3m-bypass.result","3","阿妮塔换轨所，重复的路","1","上午","outpost","阿妮塔换轨所","前置安全检查","livia","","d3m-bypass","绕开换轨所检查","","stat.fuel-15 / stat.risk+18 / stat.credit-12 / stat.onTime+1 / crew.fran+2 / crew.eliot+2","","","2","列车长","那就只在必要时走。波克士，记录绕行原因。"
"zh-CN","main","choice_result","d3m-bypass.result","3","阿妮塔换轨所，重复的路","1","上午","outpost","阿妮塔换轨所","前置安全检查","livia","","d3m-bypass","绕开换轨所检查","","stat.fuel-15 / stat.risk+18 / stat.credit-12 / stat.onTime+1 / crew.fran+2 / crew.eliot+2","","","3","波克士","记录完成：因研究所安全部权限边界不明，无垠号选择保留列车控制权。措辞比列车长本人高级。"
"zh-CN","main","choice_result","d3m-bypass.result","3","阿妮塔换轨所，重复的路","1","上午","outpost","阿妮塔换轨所","前置安全检查","livia","","d3m-bypass","绕开换轨所检查","","stat.fuel-15 / stat.risk+18 / stat.credit-12 / stat.onTime+1 / crew.fran+2 / crew.eliot+2","","","4","旁白","备用轨道避开了检查闸门，也避开了一个可能有用的证人。"
"zh-CN","main","dialogue","d3s2.lines","3","阿妮塔换轨所，重复的路","2","下午","storm","研究所旧试验线外缘","重复轨道","box","","","","","","","","1","旁白","下午，窗外的站牌第二次出现。不是相似，不是记错，而是同一块站牌从前方又贴回了视野里。"
"zh-CN","main","dialogue","d3s2.lines","3","阿妮塔换轨所，重复的路","2","下午","storm","研究所旧试验线外缘","重复轨道","box","","","","","","","","2","波克士","警告。轨道定位与惯性里程不一致。数据库认为我们正在前进，车轮记录认为我们经过了同一段接缝两次。"
"zh-CN","main","dialogue","d3s2.lines","3","阿妮塔换轨所，重复的路","2","下午","storm","研究所旧试验线外缘","重复轨道","box","","","","","","","","3","遥","不是绕圈。"
"zh-CN","main","dialogue","d3s2.lines","3","阿妮塔换轨所，重复的路","2","下午","storm","研究所旧试验线外缘","重复轨道","box","","","","","","","","4","列车长","说清楚。"
"zh-CN","main","dialogue","d3s2.lines","3","阿妮塔换轨所，重复的路","2","下午","storm","研究所旧试验线外缘","重复轨道","box","","","","","","","","5","遥","有一段旧试验线被写到当前路线前面。像把错页贴进路书。"
"zh-CN","main","dialogue","d3s2.lines","3","阿妮塔换轨所，重复的路","2","下午","storm","研究所旧试验线外缘","重复轨道","box","","","","","","","","6","莉薇娅","谁能做到？"
"zh-CN","main","dialogue","d3s2.lines","3","阿妮塔换轨所，重复的路","2","下午","storm","研究所旧试验线外缘","重复轨道","box","","","","","","","","7","波克士","研究所旧路由权限，或箱体内部校准核心。也可能是两者互相拉扯。"
"zh-CN","main","dialogue","d3s2.lines","3","阿妮塔换轨所，重复的路","2","下午","storm","研究所旧试验线外缘","重复轨道","box","","","","","","","","8","艾略特","所以我们现在是在被路本身骗？"
"zh-CN","main","dialogue","d3s2.lines","3","阿妮塔换轨所，重复的路","2","下午","storm","研究所旧试验线外缘","重复轨道","box","","","","","","","","9","弗兰","骗不骗先不说，前方视野变窄了。"
"zh-CN","main","dialogue","d3s2.lines","3","阿妮塔换轨所，重复的路","2","下午","storm","研究所旧试验线外缘","重复轨道","box","","","","","","","","10","旁白","远处轨道像被透明的手轻轻扭了一下。那段“贴到前面”的路不是悬疑装饰，而是接下来每个选择必须处理的具体问题。"
"zh-CN","main","choice","d3a-fast","3","阿妮塔换轨所，重复的路","2","下午","storm","研究所旧试验线外缘","重复轨道","box","","d3a-fast","加速冲过重复路段","把异常留在身后，但列车承受巨大压力。","stat.onTime+2 / stat.fuel-20 / stat.condition-10 / stat.fatigue+10","all: fuel>=20 / condition>=35","","","",""
"zh-CN","main","choice_result","d3a-fast.result","3","阿妮塔换轨所，重复的路","2","下午","storm","研究所旧试验线外缘","重复轨道","box","","d3a-fast","加速冲过重复路段","","stat.onTime+2 / stat.fuel-20 / stat.condition-10 / stat.fatigue+10","all: fuel>=20 / condition>=35","","1","列车长","如果这段路是贴上来的，快速通过能不能脱离？"
"zh-CN","main","choice_result","d3a-fast.result","3","阿妮塔换轨所，重复的路","2","下午","storm","研究所旧试验线外缘","重复轨道","box","","d3a-fast","加速冲过重复路段","","stat.onTime+2 / stat.fuel-20 / stat.condition-10 / stat.fatigue+10","all: fuel>=20 / condition>=35","","2","遥","能。代价是车底热。"
"zh-CN","main","choice_result","d3a-fast.result","3","阿妮塔换轨所，重复的路","2","下午","storm","研究所旧试验线外缘","重复轨道","box","","d3a-fast","加速冲过重复路段","","stat.onTime+2 / stat.fuel-20 / stat.condition-10 / stat.fatigue+10","all: fuel>=20 / condition>=35","","3","波克士","急速穿越开始。半吊子列车长选择用速度挑战逻辑，波克士将负责让物理尽量站在我们这边。"
"zh-CN","main","choice_result","d3a-fast.result","3","阿妮塔换轨所，重复的路","2","下午","storm","研究所旧试验线外缘","重复轨道","box","","d3a-fast","加速冲过重复路段","","stat.onTime+2 / stat.fuel-20 / stat.condition-10 / stat.fatigue+10","all: fuel>=20 / condition>=35","","4","旁白","无垠号冲过第二次出现的接缝。车厢灯光短促闪烁，重复站牌终于被甩到身后。"
"zh-CN","main","choice","d3a-slow","3","阿妮塔换轨所，重复的路","2","下午","storm","研究所旧试验线外缘","重复轨道","box","","d3a-slow","低速通过并逐段校验","针对重复路段做稳妥处理，牺牲准点和士气。","stat.onTime-1 / stat.risk-8 / stat.condition-4 / stat.morale-4","","","","",""
"zh-CN","main","choice_result","d3a-slow.result","3","阿妮塔换轨所，重复的路","2","下午","storm","研究所旧试验线外缘","重复轨道","box","","d3a-slow","低速通过并逐段校验","","stat.onTime-1 / stat.risk-8 / stat.condition-4 / stat.morale-4","","","1","遥","低速。每过一段接缝校验一次。"
"zh-CN","main","choice_result","d3a-slow.result","3","阿妮塔换轨所，重复的路","2","下午","storm","研究所旧试验线外缘","重复轨道","box","","d3a-slow","低速通过并逐段校验","","stat.onTime-1 / stat.risk-8 / stat.condition-4 / stat.morale-4","","","2","列车长","照做。乘员会觉得慢，但至少我们知道自己在哪。"
"zh-CN","main","choice_result","d3a-slow.result","3","阿妮塔换轨所，重复的路","2","下午","storm","研究所旧试验线外缘","重复轨道","box","","d3a-slow","低速通过并逐段校验","","stat.onTime-1 / stat.risk-8 / stat.condition-4 / stat.morale-4","","","3","旁白","无垠号像在薄冰上行驶。每一次校验通过，波克士就在地图上钉下一枚白点，逐渐把那段错页从路线里剥离出来。"
"zh-CN","main","choice_result","d3a-slow.result","3","阿妮塔换轨所，重复的路","2","下午","storm","研究所旧试验线外缘","重复轨道","box","","d3a-slow","低速通过并逐段校验","","stat.onTime-1 / stat.risk-8 / stat.condition-4 / stat.morale-4","","","4","莉薇娅","这份校验记录很重要。它证明异常发生在研究所旧试验线外缘，而不是我们的驾驶失误。"
"zh-CN","main","choice","d3a-union-route","3","阿妮塔换轨所，重复的路","2","下午","storm","研究所旧试验线外缘","重复轨道","box","","d3a-union-route","按换轨所公开备用线绕行","不再被异常路由牵着走，改用地图上的阿妮塔公开备用线。","stat.fuel-12 / stat.onTime-1 / stat.risk-12 / stat.credit+2","all: shizuru>=1","","","",""
"zh-CN","main","choice_result","d3a-union-route.result","3","阿妮塔换轨所，重复的路","2","下午","storm","研究所旧试验线外缘","重复轨道","box","","d3a-union-route","按换轨所公开备用线绕行","","stat.fuel-12 / stat.onTime-1 / stat.risk-12 / stat.credit+2","all: shizuru>=1","","1","波克士","公开备用线录入。虽然它不如波克士优雅，但至少没有把自己贴到别人前面。"
"zh-CN","main","choice_result","d3a-union-route.result","3","阿妮塔换轨所，重复的路","2","下午","storm","研究所旧试验线外缘","重复轨道","box","","d3a-union-route","按换轨所公开备用线绕行","","stat.fuel-12 / stat.onTime-1 / stat.risk-12 / stat.credit+2","all: shizuru>=1","","2","弗兰","备用线两侧遮挡多，我和艾略特去后段。"
"zh-CN","main","choice_result","d3a-union-route.result","3","阿妮塔换轨所，重复的路","2","下午","storm","研究所旧试验线外缘","重复轨道","box","","d3a-union-route","按换轨所公开备用线绕行","","stat.fuel-12 / stat.onTime-1 / stat.risk-12 / stat.credit+2","all: shizuru>=1","","3","艾略特","我就知道绕行会绕到我加班。"
"zh-CN","main","choice_result","d3a-union-route.result","3","阿妮塔换轨所，重复的路","2","下午","storm","研究所旧试验线外缘","重复轨道","box","","d3a-union-route","按换轨所公开备用线绕行","","stat.fuel-12 / stat.onTime-1 / stat.risk-12 / stat.credit+2","all: shizuru>=1","","4","旁白","备用线避开了重复路段。代价是燃料和时间，但你们保住了路线逻辑。"
"zh-CN","main","choice","d3a-rewrite","3","阿妮塔换轨所，重复的路","2","下午","storm","研究所旧试验线外缘","重复轨道","box","","d3a-rewrite","用研究所校准数据反写路由","需要足够证据，直接处理“错页”来源。","stat.clues+1 / stat.risk-6 / crew.box-8 / crew.haruka+4","all: clues>=4","","","",""
"zh-CN","main","choice_result","d3a-rewrite.result","3","阿妮塔换轨所，重复的路","2","下午","storm","研究所旧试验线外缘","重复轨道","box","","d3a-rewrite","用研究所校准数据反写路由","","stat.clues+1 / stat.risk-6 / crew.box-8 / crew.haruka+4","all: clues>=4","","1","列车长","波克士，拿我们保存的数据反写，不接外部端口。"
"zh-CN","main","choice_result","d3a-rewrite.result","3","阿妮塔换轨所，重复的路","2","下午","storm","研究所旧试验线外缘","重复轨道","box","","d3a-rewrite","用研究所校准数据反写路由","","stat.clues+1 / stat.risk-6 / crew.box-8 / crew.haruka+4","all: clues>=4","","2","波克士","本机正在进行高难度操作。请列车长保持安静，以免普通大脑污染优秀计算环境。"
"zh-CN","main","choice_result","d3a-rewrite.result","3","阿妮塔换轨所，重复的路","2","下午","storm","研究所旧试验线外缘","重复轨道","box","","d3a-rewrite","用研究所校准数据反写路由","","stat.clues+1 / stat.risk-6 / crew.box-8 / crew.haruka+4","all: clues>=4","","3","遥","旧路由断开了。"
"zh-CN","main","choice_result","d3a-rewrite.result","3","阿妮塔换轨所，重复的路","2","下午","storm","研究所旧试验线外缘","重复轨道","box","","d3a-rewrite","用研究所校准数据反写路由","","stat.clues+1 / stat.risk-6 / crew.box-8 / crew.haruka+4","all: clues>=4","","4","旁白","证据六：第三天出现的重复轨道不是幻觉，是有人把研究所试验线的旧路由贴到了当前路线前方。"
"zh-CN","main","choice_result","d3a-rewrite.result","3","阿妮塔换轨所，重复的路","2","下午","storm","研究所旧试验线外缘","重复轨道","box","","d3a-rewrite","用研究所校准数据反写路由","","stat.clues+1 / stat.risk-6 / crew.box-8 / crew.haruka+4","all: clues>=4","","5","莉薇娅","这能解释为什么他们想让我们准点到达。重复路段会把责任变成“承运方误入旧线”。"
"zh-CN","main","dialogue","d3s3.lines","3","阿妮塔换轨所，重复的路","3","夜晚","outpost","研究所前置检查线","封存要求","livia","","","","","","","","1","旁白","夜晚，无垠号抵达研究所前置检查线。白色灯带照着封闭站台，所有出口都通向同一座阿妮塔能源研究所。"
"zh-CN","main","dialogue","d3s3.lines","3","阿妮塔换轨所，重复的路","3","夜晚","outpost","研究所前置检查线","封存要求","livia","","","","","","","","2","研究所代表","根据安全扫描，承运货物出现主动相位反应。研究所要求立即封存，等待内部接管。"
"zh-CN","main","dialogue","d3s3.lines","3","阿妮塔换轨所，重复的路","3","夜晚","outpost","研究所前置检查线","封存要求","livia","","","","","","","","3","列车长","你们什么时候完成的安全扫描？"
"zh-CN","main","dialogue","d3s3.lines","3","阿妮塔换轨所，重复的路","3","夜晚","outpost","研究所前置检查线","封存要求","livia","","","","","","","","4","研究所代表","换轨所前置检查与旧试验线外缘均有记录。"
"zh-CN","main","dialogue","d3s3.lines","3","阿妮塔换轨所，重复的路","3","夜晚","outpost","研究所前置检查线","封存要求","livia","","","","","","","","5","莉薇娅","也就是说，你们已经检查过货物，却没有向承运方提供完整报告。"
"zh-CN","main","dialogue","d3s3.lines","3","阿妮塔换轨所，重复的路","3","夜晚","outpost","研究所前置检查线","封存要求","livia","","","","","","","","6","波克士","哔哔。研究所封存令引用内部事故条款，但无外部见证流程。翻译：他们想把门关上再说话。"
"zh-CN","main","dialogue","d3s3.lines","3","阿妮塔换轨所，重复的路","3","夜晚","outpost","研究所前置检查线","封存要求","livia","","","","","","","","7","遥","箱体在升温。扫描触发的。"
"zh-CN","main","dialogue","d3s3.lines","3","阿妮塔换轨所，重复的路","3","夜晚","outpost","研究所前置检查线","封存要求","livia","","","","","","","","8","弗兰","站台安保正在靠近货仓。"
"zh-CN","main","dialogue","d3s3.lines","3","阿妮塔换轨所，重复的路","3","夜晚","outpost","研究所前置检查线","封存要求","livia","","","","","","","","9","艾略特","这就是我不喜欢白灯的原因，看起来所有人都已经写好结论了。"
"zh-CN","main","dialogue","d3s3.lines","3","阿妮塔换轨所，重复的路","3","夜晚","outpost","研究所前置检查线","封存要求","livia","","","","","","","","10","列车长","他们可以要求安全，但不能要求我们失去记录。"
"zh-CN","main","choice","d3n-temp-entry","3","阿妮塔换轨所，重复的路","3","夜晚","outpost","研究所前置检查线","封存要求","livia","","d3n-temp-entry","申请临时入站，货物仍由无垠号看管","保留货物控制权，同时进入研究所范围。","stat.credit-4 / stat.clues+1 / stat.risk+4 / crew.livia+4","any: livia>=12 / clues>=4","","","",""
"zh-CN","main","choice_result","d3n-temp-entry.result","3","阿妮塔换轨所，重复的路","3","夜晚","outpost","研究所前置检查线","封存要求","livia","","d3n-temp-entry","申请临时入站，货物仍由无垠号看管","","stat.credit-4 / stat.clues+1 / stat.risk+4 / crew.livia+4","any: livia>=12 / clues>=4","","1","列车长","我们接受临时入站，但货物暂不离车。所有检查在无垠号记录范围内进行。"
"zh-CN","main","choice_result","d3n-temp-entry.result","3","阿妮塔换轨所，重复的路","3","夜晚","outpost","研究所前置检查线","封存要求","livia","","d3n-temp-entry","申请临时入站，货物仍由无垠号看管","","stat.credit-4 / stat.clues+1 / stat.risk+4 / crew.livia+4","any: livia>=12 / clues>=4","","2","研究所代表","这不符合最高效率。"
"zh-CN","main","choice_result","d3n-temp-entry.result","3","阿妮塔换轨所，重复的路","3","夜晚","outpost","研究所前置检查线","封存要求","livia","","d3n-temp-entry","申请临时入站，货物仍由无垠号看管","","stat.credit-4 / stat.clues+1 / stat.risk+4 / crew.livia+4","any: livia>=12 / clues>=4","","3","莉薇娅","但符合承运方自保，也符合安全见证。"
"zh-CN","main","choice_result","d3n-temp-entry.result","3","阿妮塔换轨所，重复的路","3","夜晚","outpost","研究所前置检查线","封存要求","livia","","d3n-temp-entry","申请临时入站，货物仍由无垠号看管","","stat.credit-4 / stat.clues+1 / stat.risk+4 / crew.livia+4","any: livia>=12 / clues>=4","","4","旁白","临时入站许可打印出来，红色边框像警告。你们终于进入研究所范围，但没有把钥匙交出去。"
"zh-CN","main","choice","d3n-seal","3","阿妮塔换轨所，重复的路","3","夜晚","outpost","研究所前置检查线","封存要求","livia","","d3n-seal","接受封存，但要求三方共同签字","降低即时风险，取得封存令证据。","stat.risk-8 / stat.onTime-1 / stat.credit-2 / stat.shizuru+1","","","","",""
"zh-CN","main","choice_result","d3n-seal.result","3","阿妮塔换轨所，重复的路","3","夜晚","outpost","研究所前置检查线","封存要求","livia","","d3n-seal","接受封存，但要求三方共同签字","","stat.risk-8 / stat.onTime-1 / stat.credit-2 / stat.shizuru+1","","","1","列车长","可以封存。研究所、承运方、港务调度三方共同签字。"
"zh-CN","main","choice_result","d3n-seal.result","3","阿妮塔换轨所，重复的路","3","夜晚","outpost","研究所前置检查线","封存要求","livia","","d3n-seal","接受封存，但要求三方共同签字","","stat.risk-8 / stat.onTime-1 / stat.credit-2 / stat.shizuru+1","","","2","研究所代表","港务调度没有必要参与。"
"zh-CN","main","choice_result","d3n-seal.result","3","阿妮塔换轨所，重复的路","3","夜晚","outpost","研究所前置检查线","封存要求","livia","","d3n-seal","接受封存，但要求三方共同签字","","stat.risk-8 / stat.onTime-1 / stat.credit-2 / stat.shizuru+1","","","3","莉薇娅","原始排班从港务系统被改动，他们当然有必要。"
"zh-CN","main","choice_result","d3n-seal.result","3","阿妮塔换轨所，重复的路","3","夜晚","outpost","研究所前置检查线","封存要求","livia","","d3n-seal","接受封存，但要求三方共同签字","","stat.risk-8 / stat.onTime-1 / stat.credit-2 / stat.shizuru+1","","","4","旁白","证据七：研究所封存令引用了内部事故条款，却没有给出外部承运方应有的见证程序。"
"zh-CN","main","choice_result","d3n-seal.result","3","阿妮塔换轨所，重复的路","3","夜晚","outpost","研究所前置检查线","封存要求","livia","","d3n-seal","接受封存，但要求三方共同签字","","stat.risk-8 / stat.onTime-1 / stat.credit-2 / stat.shizuru+1","","","5","波克士","记录：对方沉默时间达到十二秒。优秀，说明戳中痛点。"
"zh-CN","main","choice","d3n-handoff","3","阿妮塔换轨所，重复的路","3","夜晚","outpost","研究所前置检查线","封存要求","livia","","d3n-handoff","压线进入接驳区，暂不完成交付","利用合同文字抵达交接区域，但不签收。","stat.credit+6 / stat.risk+8 / stat.clues-1","all: onTime>=2 / condition>=30","","","",""
"zh-CN","main","choice_result","d3n-handoff.result","3","阿妮塔换轨所，重复的路","3","夜晚","outpost","研究所前置检查线","封存要求","livia","","d3n-handoff","压线进入接驳区，暂不完成交付","","stat.credit+6 / stat.risk+8 / stat.clues-1","all: onTime>=2 / condition>=30","","1","莉薇娅","合同要求抵达交接区域，不是立即交付。"
"zh-CN","main","choice_result","d3n-handoff.result","3","阿妮塔换轨所，重复的路","3","夜晚","outpost","研究所前置检查线","封存要求","livia","","d3n-handoff","压线进入接驳区，暂不完成交付","","stat.credit+6 / stat.risk+8 / stat.clues-1","all: onTime>=2 / condition>=30","","2","列车长","那就抵达，不签收。把这两个动作拆开。"
"zh-CN","main","choice_result","d3n-handoff.result","3","阿妮塔换轨所，重复的路","3","夜晚","outpost","研究所前置检查线","封存要求","livia","","d3n-handoff","压线进入接驳区，暂不完成交付","","stat.credit+6 / stat.risk+8 / stat.clues-1","all: onTime>=2 / condition>=30","","3","旁白","无垠号压着许可线进入接驳区。研究所人员显然不喜欢这个结果，因为它让他们少了一句“承运方自愿交付”。"
"zh-CN","main","choice_result","d3n-handoff.result","3","阿妮塔换轨所，重复的路","3","夜晚","outpost","研究所前置检查线","封存要求","livia","","d3n-handoff","压线进入接驳区，暂不完成交付","","stat.credit+6 / stat.risk+8 / stat.clues-1","all: onTime>=2 / condition>=30","","4","遥","箱体温度下降。它不喜欢封存令。"
"zh-CN","main","choice","d3n-box-mask","3","阿妮塔换轨所，重复的路","3","夜晚","outpost","研究所前置检查线","封存要求","livia","","d3n-box-mask","让波克士伪装货物读数拖延接管","争取时间，但留下程序风险。","stat.onTime+1 / stat.risk+10 / stat.clues+1 / crew.box-12","all: box>=45","","","",""
"zh-CN","main","choice_result","d3n-box-mask.result","3","阿妮塔换轨所，重复的路","3","夜晚","outpost","研究所前置检查线","封存要求","livia","","d3n-box-mask","让波克士伪装货物读数拖延接管","","stat.onTime+1 / stat.risk+10 / stat.clues+1 / crew.box-12","all: box>=45","","1","波克士","伪装读数生成。声明：本机不为列车长未来的解释能力负责。"
"zh-CN","main","choice_result","d3n-box-mask.result","3","阿妮塔换轨所，重复的路","3","夜晚","outpost","研究所前置检查线","封存要求","livia","","d3n-box-mask","让波克士伪装货物读数拖延接管","","stat.onTime+1 / stat.risk+10 / stat.clues+1 / crew.box-12","all: box>=45","","2","列车长","我负责解释，你负责把人和车保住。"
"zh-CN","main","choice_result","d3n-box-mask.result","3","阿妮塔换轨所，重复的路","3","夜晚","outpost","研究所前置检查线","封存要求","livia","","d3n-box-mask","让波克士伪装货物读数拖延接管","","stat.onTime+1 / stat.risk+10 / stat.clues+1 / crew.box-12","all: box>=45","","3","旁白","读数短暂恢复正常。安保队伍停在货仓外，像被一层看不见的玻璃挡住。"
"zh-CN","main","choice_result","d3n-box-mask.result","3","阿妮塔换轨所，重复的路","3","夜晚","outpost","研究所前置检查线","封存要求","livia","","d3n-box-mask","让波克士伪装货物读数拖延接管","","stat.onTime+1 / stat.risk+10 / stat.clues+1 / crew.box-12","all: box>=45","","4","莉薇娅","我们争取到了时间，但这份时间必须用来查真相，不能只是往后拖。"
"zh-CN","main","dialogue","d4s1.lines","4","研究所接驳区，责任开始露面","1","上午","research","阿妮塔能源研究所接驳区","三方问询","livia","","","","","","","","1","旁白","第四天上午，研究所接驳区的会议室临时开放。桌面很长，长到每个人都能把责任推到别人够不到的地方。"
"zh-CN","main","dialogue","d4s1.lines","4","研究所接驳区，责任开始露面","1","上午","research","阿妮塔能源研究所接驳区","三方问询","livia","","","","","","","","2","商会代表","无垠号只需按合同完成交付，后续研究风险与承运方无关。"
"zh-CN","main","dialogue","d4s1.lines","4","研究所接驳区，责任开始露面","1","上午","research","阿妮塔能源研究所接驳区","三方问询","livia","","","","","","","","3","研究所代表","前提是货物未被承运方不当操作影响。"
"zh-CN","main","dialogue","d4s1.lines","4","研究所接驳区，责任开始露面","1","上午","research","阿妮塔能源研究所接驳区","三方问询","livia","","","","","","","","4","莉薇娅","你们一边要求交付，一边预设承运方影响货物。两句话不能同时成立。"
"zh-CN","main","dialogue","d4s1.lines","4","研究所接驳区，责任开始露面","1","上午","research","阿妮塔能源研究所接驳区","三方问询","livia","","","","","","","","5","列车长","我们今天不讨论漂亮话。我们讨论谁改了排班、谁触发扫描、谁隐瞒端口写入权限。"
"zh-CN","main","dialogue","d4s1.lines","4","研究所接驳区，责任开始露面","1","上午","research","阿妮塔能源研究所接驳区","三方问询","livia","","","","","","","","6","波克士","哔哔。列车长终于使用了比签字更高级的功能：提问。"
"zh-CN","main","dialogue","d4s1.lines","4","研究所接驳区，责任开始露面","1","上午","research","阿妮塔能源研究所接驳区","三方问询","livia","","","","","","","","7","遥","箱体接入研究所内网会升温。现在已经开始。"
"zh-CN","main","dialogue","d4s1.lines","4","研究所接驳区，责任开始露面","1","上午","research","阿妮塔能源研究所接驳区","三方问询","livia","","","","","","","","8","弗兰","安保站位在往货仓方向偏。"
"zh-CN","main","dialogue","d4s1.lines","4","研究所接驳区，责任开始露面","1","上午","research","阿妮塔能源研究所接驳区","三方问询","livia","","","","","","","","9","艾略特","我有一种马上要加班的预感，而且它通常很准。"
"zh-CN","main","dialogue","d4s1.lines","4","研究所接驳区，责任开始露面","1","上午","research","阿妮塔能源研究所接驳区","三方问询","livia","","","","","","","","10","旁白","这一天的目标很明确：不是继续找路，而是在目的地附近让责任链第一次露面。"
"zh-CN","main","choice","d4m-liability","4","研究所接驳区，责任开始露面","1","上午","research","阿妮塔能源研究所接驳区","三方问询","livia","","d4m-liability","让莉薇娅整理三方责任链","明确商会、研究所、承运方各自责任。","stat.clues+2 / stat.onTime-1 / stat.fatigue+6 / crew.livia+6","","","","",""
"zh-CN","main","choice_result","d4m-liability.result","4","研究所接驳区，责任开始露面","1","上午","research","阿妮塔能源研究所接驳区","三方问询","livia","","d4m-liability","让莉薇娅整理三方责任链","","stat.clues+2 / stat.onTime-1 / stat.fatigue+6 / crew.livia+6","","","1","莉薇娅","责任链整理完成。商会负责委托审核，研究所负责货物状态，承运方只负责运输过程。"
"zh-CN","main","choice_result","d4m-liability.result","4","研究所接驳区，责任开始露面","1","上午","research","阿妮塔能源研究所接驳区","三方问询","livia","","d4m-liability","让莉薇娅整理三方责任链","","stat.clues+2 / stat.onTime-1 / stat.fatigue+6 / crew.livia+6","","","2","列车长","也就是说，他们想让我们承担的，超过了合同真正写给我们的部分。"
"zh-CN","main","choice_result","d4m-liability.result","4","研究所接驳区，责任开始露面","1","上午","research","阿妮塔能源研究所接驳区","三方问询","livia","","d4m-liability","让莉薇娅整理三方责任链","","stat.clues+2 / stat.onTime-1 / stat.fatigue+6 / crew.livia+6","","","3","旁白","这份表格之后会成为公开责任链的核心证据。莉薇娅把你的名字放在承运方栏，却没有让它孤零零地留在那里。"
"zh-CN","main","choice_result","d4m-liability.result","4","研究所接驳区，责任开始露面","1","上午","research","阿妮塔能源研究所接驳区","三方问询","livia","","d4m-liability","让莉薇娅整理三方责任链","","stat.clues+2 / stat.onTime-1 / stat.fatigue+6 / crew.livia+6","","","4","旁白","责任链被整理成三列：谁发起委托，谁改动排班，谁试图在承运方失控后接管货物。每一列都不再指向无垠号。"
"zh-CN","main","choice","d4m-maintenance","4","研究所接驳区，责任开始露面","1","上午","research","阿妮塔能源研究所接驳区","三方问询","livia","","d4m-maintenance","优先争取接驳区检修窗口","稳住研究所流程，换取列车维护时间。","stat.credit+4 / stat.onTime+1 / stat.risk+5","","","","",""
"zh-CN","main","choice_result","d4m-maintenance.result","4","研究所接驳区，责任开始露面","1","上午","research","阿妮塔能源研究所接驳区","三方问询","livia","","d4m-maintenance","优先争取接驳区检修窗口","","stat.credit+4 / stat.onTime+1 / stat.risk+5","","","1","研究所代表","可以开放十五分钟检修窗口。"
"zh-CN","main","choice_result","d4m-maintenance.result","4","研究所接驳区，责任开始露面","1","上午","research","阿妮塔能源研究所接驳区","三方问询","livia","","d4m-maintenance","优先争取接驳区检修窗口","","stat.credit+4 / stat.onTime+1 / stat.risk+5","","","2","遥","不够。要二十。"
"zh-CN","main","choice_result","d4m-maintenance.result","4","研究所接驳区，责任开始露面","1","上午","research","阿妮塔能源研究所接驳区","三方问询","livia","","d4m-maintenance","优先争取接驳区检修窗口","","stat.credit+4 / stat.onTime+1 / stat.risk+5","","","3","列车长","二十分钟。否则我们无法确认货物不会影响交接台。"
"zh-CN","main","choice_result","d4m-maintenance.result","4","研究所接驳区，责任开始露面","1","上午","research","阿妮塔能源研究所接驳区","三方问询","livia","","d4m-maintenance","优先争取接驳区检修窗口","","stat.credit+4 / stat.onTime+1 / stat.risk+5","","","4","旁白","研究所最终让出二十分钟。你们赢得的不是好感，而是让列车继续撑下去的时间。"
"zh-CN","main","choice","d4m-seal-review","4","研究所接驳区，责任开始露面","1","上午","research","阿妮塔能源研究所接驳区","三方问询","livia","","d4m-seal-review","要求复核封存令来源","用封存令反查研究所安全部权限。","stat.risk-8 / stat.onTime-1 / stat.shizuru+1 / stat.credit-4","all: credit>=35","","","",""
"zh-CN","main","choice_result","d4m-seal-review.result","4","研究所接驳区，责任开始露面","1","上午","research","阿妮塔能源研究所接驳区","三方问询","livia","","d4m-seal-review","要求复核封存令来源","","stat.risk-8 / stat.onTime-1 / stat.shizuru+1 / stat.credit-4","all: credit>=35","","1","莉薇娅","封存令编号对应的是内部事故条款，不是外部运输安全条款。"
"zh-CN","main","choice_result","d4m-seal-review.result","4","研究所接驳区，责任开始露面","1","上午","research","阿妮塔能源研究所接驳区","三方问询","livia","","d4m-seal-review","要求复核封存令来源","","stat.risk-8 / stat.onTime-1 / stat.shizuru+1 / stat.credit-4","all: credit>=35","","2","列车长","也就是说，他们把自己的事故流程套到了我们身上。"
"zh-CN","main","choice_result","d4m-seal-review.result","4","研究所接驳区，责任开始露面","1","上午","research","阿妮塔能源研究所接驳区","三方问询","livia","","d4m-seal-review","要求复核封存令来源","","stat.risk-8 / stat.onTime-1 / stat.shizuru+1 / stat.credit-4","all: credit>=35","","3","旁白","封存令从威胁变成了证据。研究所代表第一次没有立刻回答。"
"zh-CN","main","choice_result","d4m-seal-review.result","4","研究所接驳区，责任开始露面","1","上午","research","阿妮塔能源研究所接驳区","三方问询","livia","","d4m-seal-review","要求复核封存令来源","","stat.risk-8 / stat.onTime-1 / stat.shizuru+1 / stat.credit-4","all: credit>=35","","4","研究所代表","这只是内部流程。"
"zh-CN","main","choice_result","d4m-seal-review.result","4","研究所接驳区，责任开始露面","1","上午","research","阿妮塔能源研究所接驳区","三方问询","livia","","d4m-seal-review","要求复核封存令来源","","stat.risk-8 / stat.onTime-1 / stat.shizuru+1 / stat.credit-4","all: credit>=35","","5","列车长","那就更该说明为什么内部流程会盖到外部承运记录上。"
"zh-CN","main","dialogue","d4s2.lines","4","研究所接驳区，责任开始露面","2","下午","dining","餐车","护卫与休整","fran","","","","","","","","1","旁白","下午，餐车被临时改成排班室。研究所要求每四小时检查一次货仓封条，莉薇娅要求每次检查都留下承运方记录。"
"zh-CN","main","dialogue","d4s2.lines","4","研究所接驳区，责任开始露面","2","下午","dining","餐车","护卫与休整","fran","","","","","","","","2","弗兰","研究所安保每次靠近货仓，我都要在场。"
"zh-CN","main","dialogue","d4s2.lines","4","研究所接驳区，责任开始露面","2","下午","dining","餐车","护卫与休整","fran","","","","","","","","3","艾略特","那我能不能负责在场的精神支持？"
"zh-CN","main","dialogue","d4s2.lines","4","研究所接驳区，责任开始露面","2","下午","dining","餐车","护卫与休整","fran","","","","","","","","4","弗兰","你负责后门。"
"zh-CN","main","dialogue","d4s2.lines","4","研究所接驳区，责任开始露面","2","下午","dining","餐车","护卫与休整","fran","","","","","","","","5","艾略特","我就知道精神支持不会被尊重。"
"zh-CN","main","dialogue","d4s2.lines","4","研究所接驳区，责任开始露面","2","下午","dining","餐车","护卫与休整","fran","","","","","","","","6","列车长","今天开始，任何人不能单独接近货仓。包括我。"
"zh-CN","main","dialogue","d4s2.lines","4","研究所接驳区，责任开始露面","2","下午","dining","餐车","护卫与休整","fran","","","","","","","","7","莉薇娅","这句我会写进值乘令。"
"zh-CN","main","dialogue","d4s2.lines","4","研究所接驳区，责任开始露面","2","下午","dining","餐车","护卫与休整","fran","","","","","","","","8","遥","维护窗二十分钟。晚了车底会过热。"
"zh-CN","main","dialogue","d4s2.lines","4","研究所接驳区，责任开始露面","2","下午","dining","餐车","护卫与休整","fran","","","","","","","","9","波克士","总结：所有人都需要休息，但所有人都假装自己不需要。列车长尤其严重。"
"zh-CN","main","dialogue","d4s2.lines","4","研究所接驳区，责任开始露面","2","下午","dining","餐车","护卫与休整","fran","","","","","","","","10","旁白","餐车的窗外已经能看见研究所的外层灯塔，光线很白，照得每个人的疲惫都无处藏。"
"zh-CN","main","choice","d4a-fran-shift","4","研究所接驳区，责任开始露面","2","下午","dining","餐车","护卫与休整","fran","","d4a-fran-shift","让弗兰重排护卫班","降低安保接近货仓的风险。","stat.risk-6 / stat.morale+4 / stat.fatigue+4 / crew.fran+5","","","","",""
"zh-CN","main","choice_result","d4a-fran-shift.result","4","研究所接驳区，责任开始露面","2","下午","dining","餐车","护卫与休整","fran","","d4a-fran-shift","让弗兰重排护卫班","","stat.risk-6 / stat.morale+4 / stat.fatigue+4 / crew.fran+5","","","1","弗兰","我把货仓门口改成双人岗。艾略特，后半夜你别离开我的视线。"
"zh-CN","main","choice_result","d4a-fran-shift.result","4","研究所接驳区，责任开始露面","2","下午","dining","餐车","护卫与休整","fran","","d4a-fran-shift","让弗兰重排护卫班","","stat.risk-6 / stat.morale+4 / stat.fatigue+4 / crew.fran+5","","","2","艾略特","这句话听起来很可靠，也很不祥。"
"zh-CN","main","choice_result","d4a-fran-shift.result","4","研究所接驳区，责任开始露面","2","下午","dining","餐车","护卫与休整","fran","","d4a-fran-shift","让弗兰重排护卫班","","stat.risk-6 / stat.morale+4 / stat.fatigue+4 / crew.fran+5","","","3","旁白","新的排班让研究所安保无法再以“例行检查”为名单独靠近货仓。"
"zh-CN","main","choice_result","d4a-fran-shift.result","4","研究所接驳区，责任开始露面","2","下午","dining","餐车","护卫与休整","fran","","d4a-fran-shift","让弗兰重排护卫班","","stat.risk-6 / stat.morale+4 / stat.fatigue+4 / crew.fran+5","","","4","弗兰","护卫班重排完成。艾略特，你负责后段，不是后段的椅子。"
"zh-CN","main","choice","d4a-eliot-easy","4","研究所接驳区，责任开始露面","2","下午","dining","餐车","护卫与休整","fran","","d4a-eliot-easy","同意艾略特的省力排班","恢复疲劳，但增加巡逻空档。","stat.fatigue-6 / stat.morale+2 / stat.risk+5 / crew.eliot+4 / crew.fran-2","","","","",""
"zh-CN","main","choice_result","d4a-eliot-easy.result","4","研究所接驳区，责任开始露面","2","下午","dining","餐车","护卫与休整","fran","","d4a-eliot-easy","同意艾略特的省力排班","","stat.fatigue-6 / stat.morale+2 / stat.risk+5 / crew.eliot+4 / crew.fran-2","","","1","艾略特","列车长英明！这绝对不是偷懒，是合理保存战力。"
"zh-CN","main","choice_result","d4a-eliot-easy.result","4","研究所接驳区，责任开始露面","2","下午","dining","餐车","护卫与休整","fran","","d4a-eliot-easy","同意艾略特的省力排班","","stat.fatigue-6 / stat.morale+2 / stat.risk+5 / crew.eliot+4 / crew.fran-2","","","2","弗兰","如果空档出事，你第一个补。"
"zh-CN","main","choice_result","d4a-eliot-easy.result","4","研究所接驳区，责任开始露面","2","下午","dining","餐车","护卫与休整","fran","","d4a-eliot-easy","同意艾略特的省力排班","","stat.fatigue-6 / stat.morale+2 / stat.risk+5 / crew.eliot+4 / crew.fran-2","","","3","旁白","排班轻了一点，乘员终于喘了口气。但货仓监控多出两个需要波克士盯住的盲区。"
"zh-CN","main","choice_result","d4a-eliot-easy.result","4","研究所接驳区，责任开始露面","2","下午","dining","餐车","护卫与休整","fran","","d4a-eliot-easy","同意艾略特的省力排班","","stat.fatigue-6 / stat.morale+2 / stat.risk+5 / crew.eliot+4 / crew.fran-2","","","4","艾略特","省力排班不等于偷懒排班。虽然它确实比较舒服。"
"zh-CN","main","choice","d4a-haruka","4","研究所接驳区，责任开始露面","2","下午","dining","餐车","护卫与休整","fran","","d4a-haruka","去维修车厢找遥","补足车况判断和旧试验线技术信息。","stat.condition+5 / stat.clues+1 / stat.fatigue+6 / crew.haruka+5","","","","",""
"zh-CN","main","choice_result","d4a-haruka.result","4","研究所接驳区，责任开始露面","2","下午","dining","餐车","护卫与休整","fran","","d4a-haruka","去维修车厢找遥","","stat.condition+5 / stat.clues+1 / stat.fatigue+6 / crew.haruka+5","","","1","遥","旧试验线接口在箱体里。不是新设计。"
"zh-CN","main","choice_result","d4a-haruka.result","4","研究所接驳区，责任开始露面","2","下午","dining","餐车","护卫与休整","fran","","d4a-haruka","去维修车厢找遥","","stat.condition+5 / stat.clues+1 / stat.fatigue+6 / crew.haruka+5","","","2","列车长","能证明它早就属于研究所？"
"zh-CN","main","choice_result","d4a-haruka.result","4","研究所接驳区，责任开始露面","2","下午","dining","餐车","护卫与休整","fran","","d4a-haruka","去维修车厢找遥","","stat.condition+5 / stat.clues+1 / stat.fatigue+6 / crew.haruka+5","","","3","遥","能。接口编号没擦干净。"
"zh-CN","main","choice_result","d4a-haruka.result","4","研究所接驳区，责任开始露面","2","下午","dining","餐车","护卫与休整","fran","","d4a-haruka","去维修车厢找遥","","stat.condition+5 / stat.clues+1 / stat.fatigue+6 / crew.haruka+5","","","4","旁白","遥把编号抄进维修单。短短一串数字，却比很多解释更有用。"
"zh-CN","main","dialogue","d4s3.lines","4","研究所接驳区，责任开始露面","3","夜晚","lounge","车长室","莉薇娅的越线","livia","","","","","","","","1","旁白","夜里，车长室的权限灯从蓝色变成白色。门没有自动打开，像一枚冷淡的封条。"
"zh-CN","main","dialogue","d4s3.lines","4","研究所接驳区，责任开始露面","3","夜晚","lounge","车长室","莉薇娅的越线","livia","","","","","","","","2","列车长","莉薇娅，开门。"
"zh-CN","main","dialogue","d4s3.lines","4","研究所接驳区，责任开始露面","3","夜晚","lounge","车长室","莉薇娅的越线","livia","","","","","","","","3","莉薇娅","列车长，请先去医疗车厢。您的心率连续三次超过安全阈值。"
"zh-CN","main","dialogue","d4s3.lines","4","研究所接驳区，责任开始露面","3","夜晚","lounge","车长室","莉薇娅的越线","livia","","","","","","","","4","列车长","你锁了我的权限？"
"zh-CN","main","dialogue","d4s3.lines","4","研究所接驳区，责任开始露面","3","夜晚","lounge","车长室","莉薇娅的越线","livia","","","","","","","","5","莉薇娅","临时冻结。十分钟后恢复。"
"zh-CN","main","dialogue","d4s3.lines","4","研究所接驳区，责任开始露面","3","夜晚","lounge","车长室","莉薇娅的越线","livia","","","","","","","","6","波克士","本机声明：这不是我出的主意。虽然从结果看非常合理。"
"zh-CN","main","dialogue","d4s3.lines","4","研究所接驳区，责任开始露面","3","夜晚","lounge","车长室","莉薇娅的越线","livia","","","","","","","","7","列车长","莉薇娅，这已经越线了。"
"zh-CN","main","dialogue","d4s3.lines","4","研究所接驳区，责任开始露面","3","夜晚","lounge","车长室","莉薇娅的越线","livia","","","","","","","","8","莉薇娅","我知道。可隐藏日志里有一份您失去指挥能力后的交接流程。"
"zh-CN","main","dialogue","d4s3.lines","4","研究所接驳区，责任开始露面","3","夜晚","lounge","车长室","莉薇娅的越线","livia","","","","","","","","9","旁白","证据八：隐藏日志里存在一份“列车长失去指挥能力后的交接流程”，生成时间早于无垠号接单。"
"zh-CN","main","dialogue","d4s3.lines","4","研究所接驳区，责任开始露面","3","夜晚","lounge","车长室","莉薇娅的越线","livia","","","","","","","","10","莉薇娅","如果原则的结果是让您一个人走进他们准备好的空位，那我今晚可以暂时不做那个正确的人。"
"zh-CN","main","dialogue","d4s3.lines","4","研究所接驳区，责任开始露面","3","夜晚","lounge","车长室","莉薇娅的越线","livia","","","","","","","","11","列车长","开门。然后你跟我一起看那份日志。不是替我挡，是和我一起处理。"
"zh-CN","main","choice","d4n-stop-livia","4","研究所接驳区，责任开始露面","3","夜晚","lounge","车长室","莉薇娅的越线","livia","","d4n-stop-livia","阻止莉薇娅越权","维持正式指挥秩序。","stat.credit+4 / stat.risk+4 / crew.livia-2","","","","",""
"zh-CN","main","choice_result","d4n-stop-livia.result","4","研究所接驳区，责任开始露面","3","夜晚","lounge","车长室","莉薇娅的越线","livia","","d4n-stop-livia","阻止莉薇娅越权","","stat.credit+4 / stat.risk+4 / crew.livia-2","","","1","列车长","开门。你可以担心我，但不能替我取消指挥权限。"
"zh-CN","main","choice_result","d4n-stop-livia.result","4","研究所接驳区，责任开始露面","3","夜晚","lounge","车长室","莉薇娅的越线","livia","","d4n-stop-livia","阻止莉薇娅越权","","stat.credit+4 / stat.risk+4 / crew.livia-2","","","2","莉薇娅","……明白。我会打开。"
"zh-CN","main","choice_result","d4n-stop-livia.result","4","研究所接驳区，责任开始露面","3","夜晚","lounge","车长室","莉薇娅的越线","livia","","d4n-stop-livia","阻止莉薇娅越权","","stat.credit+4 / stat.risk+4 / crew.livia-2","","","3","旁白","门开后，莉薇娅没有辩解。她把隐藏日志递给你，指尖还在发白。"
"zh-CN","main","choice_result","d4n-stop-livia.result","4","研究所接驳区，责任开始露面","3","夜晚","lounge","车长室","莉薇娅的越线","livia","","d4n-stop-livia","阻止莉薇娅越权","","stat.credit+4 / stat.risk+4 / crew.livia-2","","","4","旁白","莉薇娅收回已经伸向终端的手。她没有反驳，只是把那份差点越权的记录另存成私人备忘。"
"zh-CN","main","choice","d4n-allow-livia","4","研究所接驳区，责任开始露面","3","夜晚","lounge","车长室","莉薇娅的越线","livia","","d4n-allow-livia","允许莉薇娅延迟交接记录","保住关键时间，但损失商会信用。","stat.clues+1 / stat.risk-4 / stat.credit-8 / crew.livia+8","","","","",""
"zh-CN","main","choice_result","d4n-allow-livia.result","4","研究所接驳区，责任开始露面","3","夜晚","lounge","车长室","莉薇娅的越线","livia","","d4n-allow-livia","允许莉薇娅延迟交接记录","","stat.clues+1 / stat.risk-4 / stat.credit-8 / crew.livia+8","","","1","列车长","十分钟。十分钟后你跟我一起看日志。"
"zh-CN","main","choice_result","d4n-allow-livia.result","4","研究所接驳区，责任开始露面","3","夜晚","lounge","车长室","莉薇娅的越线","livia","","d4n-allow-livia","允许莉薇娅延迟交接记录","","stat.clues+1 / stat.risk-4 / stat.credit-8 / crew.livia+8","","","2","莉薇娅","谢谢您。我知道这不是值得被感谢的行为。"
"zh-CN","main","choice_result","d4n-allow-livia.result","4","研究所接驳区，责任开始露面","3","夜晚","lounge","车长室","莉薇娅的越线","livia","","d4n-allow-livia","允许莉薇娅延迟交接记录","","stat.clues+1 / stat.risk-4 / stat.credit-8 / crew.livia+8","","","3","旁白","这十分钟让波克士完成了隐藏日志备份，也让研究所失去了一次悄悄覆盖记录的机会。"
"zh-CN","main","choice_result","d4n-allow-livia.result","4","研究所接驳区，责任开始露面","3","夜晚","lounge","车长室","莉薇娅的越线","livia","","d4n-allow-livia","允许莉薇娅延迟交接记录","","stat.clues+1 / stat.risk-4 / stat.credit-8 / crew.livia+8","","","4","旁白","你把权限钥匙递给莉薇娅，同时站在她身后。她没有孤身越界，这一点被写进行车日志。"
"zh-CN","main","choice","d4n-formal","4","研究所接驳区，责任开始露面","3","夜晚","lounge","车长室","莉薇娅的越线","livia","","d4n-formal","把决定交给正式流程","避免个人越权，但错失主动窗口。","stat.morale-4","","","","",""
"zh-CN","main","choice_result","d4n-formal.result","4","研究所接驳区，责任开始露面","3","夜晚","lounge","车长室","莉薇娅的越线","livia","","d4n-formal","把决定交给正式流程","","stat.morale-4","","","1","波克士","正式流程启动。优点：没有人越线。缺点：对方也很喜欢正式流程。"
"zh-CN","main","choice_result","d4n-formal.result","4","研究所接驳区，责任开始露面","3","夜晚","lounge","车长室","莉薇娅的越线","livia","","d4n-formal","把决定交给正式流程","","stat.morale-4","","","2","旁白","门在计时结束后打开。流程没有错，却也没有替你们多抢到任何真相。"
"zh-CN","main","choice_result","d4n-formal.result","4","研究所接驳区，责任开始露面","3","夜晚","lounge","车长室","莉薇娅的越线","livia","","d4n-formal","把决定交给正式流程","","stat.morale-4","","","3","莉薇娅","我会遵守流程。"
"zh-CN","main","choice_result","d4n-formal.result","4","研究所接驳区，责任开始露面","3","夜晚","lounge","车长室","莉薇娅的越线","livia","","d4n-formal","把决定交给正式流程","","stat.morale-4","","","4","旁白","她的声音很轻，但你知道这不是退让，而是把担心暂时压回账本边缘。"
"zh-CN","main","dialogue","d5s1.lines","5","回声门试验线，核心说出事故","1","上午","maintenance","研究所旧试验线","耦合确认","haruka","","","","","","","","1","旁白","第五天上午，研究所终于承认“回声门试验线”存在。它位于能源研究所地下旧区，公开记录里写着停用，实际却仍有供电。"
"zh-CN","main","dialogue","d5s1.lines","5","回声门试验线，核心说出事故","1","上午","maintenance","研究所旧试验线","耦合确认","haruka","","","","","","","","2","遥","箱体和试验线耦合了。"
"zh-CN","main","dialogue","d5s1.lines","5","回声门试验线，核心说出事故","1","上午","maintenance","研究所旧试验线","耦合确认","haruka","","","","","","","","3","列车长","能断开吗？"
"zh-CN","main","dialogue","d5s1.lines","5","回声门试验线，核心说出事故","1","上午","maintenance","研究所旧试验线","耦合确认","haruka","","","","","","","","4","遥","能。会损坏记录。"
"zh-CN","main","dialogue","d5s1.lines","5","回声门试验线，核心说出事故","1","上午","maintenance","研究所旧试验线","耦合确认","haruka","","","","","","","","5","莉薇娅","记录比货物更重要。它可能说明事故为什么被藏起来。"
"zh-CN","main","dialogue","d5s1.lines","5","回声门试验线，核心说出事故","1","上午","maintenance","研究所旧试验线","耦合确认","haruka","","","","","","","","6","研究员","承运方无权查看试验线事故资料。"
"zh-CN","main","dialogue","d5s1.lines","5","回声门试验线，核心说出事故","1","上午","maintenance","研究所旧试验线","耦合确认","haruka","","","","","","","","7","列车长","承运方也无义务替你们毁掉事故资料。"
"zh-CN","main","dialogue","d5s1.lines","5","回声门试验线，核心说出事故","1","上午","maintenance","研究所旧试验线","耦合确认","haruka","","","","","","","","8","波克士","精彩。列车长今日发言具备可归档价值。"
"zh-CN","main","dialogue","d5s1.lines","5","回声门试验线，核心说出事故","1","上午","maintenance","研究所旧试验线","耦合确认","haruka","","","","","","","","9","旁白","箱体第一次主动投出画面：旧试验线、撤离失败的倒计时、以及一列被要求继续前进的测试车。"
"zh-CN","main","dialogue","d5s1.lines","5","回声门试验线，核心说出事故","1","上午","maintenance","研究所旧试验线","耦合确认","haruka","","","","","","","","10","旁白","屏幕上的旧试验线编号像一条醒来的伤疤，从灰色底图里慢慢浮出来。"
"zh-CN","main","choice","d5m-hold-coupling","5","回声门试验线，核心说出事故","1","上午","maintenance","研究所旧试验线","耦合确认","haruka","","d5m-hold-coupling","让遥保持耦合并加固车底","保留核心记录，列车持续承压。","stat.condition-6 / stat.clues+2 / stat.supplies-5 / crew.haruka+8","","","","",""
"zh-CN","main","choice_result","d5m-hold-coupling.result","5","回声门试验线，核心说出事故","1","上午","maintenance","研究所旧试验线","耦合确认","haruka","","d5m-hold-coupling","让遥保持耦合并加固车底","","stat.condition-6 / stat.clues+2 / stat.supplies-5 / crew.haruka+8","","","1","遥","保持耦合。车底我来加固。"
"zh-CN","main","choice_result","d5m-hold-coupling.result","5","回声门试验线，核心说出事故","1","上午","maintenance","研究所旧试验线","耦合确认","haruka","","d5m-hold-coupling","让遥保持耦合并加固车底","","stat.condition-6 / stat.clues+2 / stat.supplies-5 / crew.haruka+8","","","2","列车长","优先保记录，但你不能一个人硬撑。"
"zh-CN","main","choice_result","d5m-hold-coupling.result","5","回声门试验线，核心说出事故","1","上午","maintenance","研究所旧试验线","耦合确认","haruka","","d5m-hold-coupling","让遥保持耦合并加固车底","","stat.condition-6 / stat.clues+2 / stat.supplies-5 / crew.haruka+8","","","3","旁白","核心画面稳定下来。旧试验线的事故倒计时第一次完整出现：撤离门关闭早于官方记录二十七秒。"
"zh-CN","main","choice_result","d5m-hold-coupling.result","5","回声门试验线，核心说出事故","1","上午","maintenance","研究所旧试验线","耦合确认","haruka","","d5m-hold-coupling","让遥保持耦合并加固车底","","stat.condition-6 / stat.clues+2 / stat.supplies-5 / crew.haruka+8","","","4","遥","耦合保持。车底升温。三分钟后必须重新判断。"
"zh-CN","main","choice","d5m-cut","5","回声门试验线，核心说出事故","1","上午","maintenance","研究所旧试验线","耦合确认","haruka","","d5m-cut","按妮蔻拉方案切断耦合","保护列车，损失部分事故记录。","stat.condition+8 / stat.risk+8 / stat.clues+1 / crew.haruka-3","","","","",""
"zh-CN","main","choice_result","d5m-cut.result","5","回声门试验线，核心说出事故","1","上午","maintenance","研究所旧试验线","耦合确认","haruka","","d5m-cut","按妮蔻拉方案切断耦合","","stat.condition+8 / stat.risk+8 / stat.clues+1 / crew.haruka-3","","","1","遥","切断完成。列车安全。记录少了一段。"
"zh-CN","main","choice_result","d5m-cut.result","5","回声门试验线，核心说出事故","1","上午","maintenance","研究所旧试验线","耦合确认","haruka","","d5m-cut","按妮蔻拉方案切断耦合","","stat.condition+8 / stat.risk+8 / stat.clues+1 / crew.haruka-3","","","2","列车长","少了哪段？"
"zh-CN","main","choice_result","d5m-cut.result","5","回声门试验线，核心说出事故","1","上午","maintenance","研究所旧试验线","耦合确认","haruka","","d5m-cut","按妮蔻拉方案切断耦合","","stat.condition+8 / stat.risk+8 / stat.clues+1 / crew.haruka-3","","","3","遥","关门前。最重要的那段。"
"zh-CN","main","choice_result","d5m-cut.result","5","回声门试验线，核心说出事故","1","上午","maintenance","研究所旧试验线","耦合确认","haruka","","d5m-cut","按妮蔻拉方案切断耦合","","stat.condition+8 / stat.risk+8 / stat.clues+1 / crew.haruka-3","","","4","旁白","你们保住了车况，却失去了一部分能直接指向事故责任人的影像。"
"zh-CN","main","choice","d5m-force-handoff","5","回声门试验线，核心说出事故","1","上午","maintenance","研究所旧试验线","耦合确认","haruka","","d5m-force-handoff","交给研究所维护方强制卸货","抢准点和信用，但牺牲真相主动权。","stat.onTime+2 / stat.credit+6 / stat.clues-2 / crew.livia-4","","","","",""
"zh-CN","main","choice_result","d5m-force-handoff.result","5","回声门试验线，核心说出事故","1","上午","maintenance","研究所旧试验线","耦合确认","haruka","","d5m-force-handoff","交给研究所维护方强制卸货","","stat.onTime+2 / stat.credit+6 / stat.clues-2 / crew.livia-4","","","1","莉薇娅","他们会把这写成承运方主动交接。"
"zh-CN","main","choice_result","d5m-force-handoff.result","5","回声门试验线，核心说出事故","1","上午","maintenance","研究所旧试验线","耦合确认","haruka","","d5m-force-handoff","交给研究所维护方强制卸货","","stat.onTime+2 / stat.credit+6 / stat.clues-2 / crew.livia-4","","","2","列车长","我知道。先换取检修条件。"
"zh-CN","main","choice_result","d5m-force-handoff.result","5","回声门试验线，核心说出事故","1","上午","maintenance","研究所旧试验线","耦合确认","haruka","","d5m-force-handoff","交给研究所维护方强制卸货","","stat.onTime+2 / stat.credit+6 / stat.clues-2 / crew.livia-4","","","3","旁白","研究所维护方接近货箱，核心温度骤降。遥盯着曲线，只说了一句：记录在退。"
"zh-CN","main","choice_result","d5m-force-handoff.result","5","回声门试验线，核心说出事故","1","上午","maintenance","研究所旧试验线","耦合确认","haruka","","d5m-force-handoff","交给研究所维护方强制卸货","","stat.onTime+2 / stat.credit+6 / stat.clues-2 / crew.livia-4","","","4","列车长","强制卸货可以，但我要完整交接影像。"
"zh-CN","main","choice_result","d5m-force-handoff.result","5","回声门试验线，核心说出事故","1","上午","maintenance","研究所旧试验线","耦合确认","haruka","","d5m-force-handoff","交给研究所维护方强制卸货","","stat.onTime+2 / stat.credit+6 / stat.clues-2 / crew.livia-4","","","5","旁白","研究所维护方没有立刻回答，这份迟疑比任何拒绝都更值得记录。"
"zh-CN","main","dialogue","d5s2.lines","5","回声门试验线，核心说出事故","2","下午","cargo","封存货仓","安全部袭扰","fran","","","","","","","","1","旁白","下午，研究所安全部以“货物自燃风险”为由要求强制接管。与此同时，货仓外的监控短暂黑屏。"
"zh-CN","main","dialogue","d5s2.lines","5","回声门试验线，核心说出事故","2","下午","cargo","封存货仓","安全部袭扰","fran","","","","","","","","2","弗兰","前门三人，后门两人。不是来检查，是来拿货。"
"zh-CN","main","dialogue","d5s2.lines","5","回声门试验线，核心说出事故","2","下午","cargo","封存货仓","安全部袭扰","fran","","","","","","","","3","艾略特","我宣布我现在非常不喜欢研究所的工作效率。"
"zh-CN","main","dialogue","d5s2.lines","5","回声门试验线，核心说出事故","2","下午","cargo","封存货仓","安全部袭扰","fran","","","","","","","","4","列车长","不开门。所有接触都要求公开授权。"
"zh-CN","main","dialogue","d5s2.lines","5","回声门试验线，核心说出事故","2","下午","cargo","封存货仓","安全部袭扰","fran","","","","","","","","5","波克士","授权申请为空。对方正在试图用门禁覆盖无垠号权限。"
"zh-CN","main","dialogue","d5s2.lines","5","回声门试验线，核心说出事故","2","下午","cargo","封存货仓","安全部袭扰","fran","","","","","","","","6","遥","车门锁还能撑。两分钟。"
"zh-CN","main","dialogue","d5s2.lines","5","回声门试验线，核心说出事故","2","下午","cargo","封存货仓","安全部袭扰","fran","","","","","","","","7","莉薇娅","两分钟足够让他们留下痕迹。"
"zh-CN","main","dialogue","d5s2.lines","5","回声门试验线，核心说出事故","2","下午","cargo","封存货仓","安全部袭扰","fran","","","","","","","","8","旁白","这不再是模糊的异常，而是明确的人为行动。选择谁顶住哪一端，会决定无垠号能保住多少证据。"
"zh-CN","main","dialogue","d5s2.lines","5","回声门试验线，核心说出事故","2","下午","cargo","封存货仓","安全部袭扰","fran","","","","","","","","9","弗兰","后段护卫就位。艾略特，不许用“我在保存体力”解释慢半拍。"
"zh-CN","main","dialogue","d5s2.lines","5","回声门试验线，核心说出事故","2","下午","cargo","封存货仓","安全部袭扰","fran","","","","","","","","10","艾略特","我那叫战术性延迟出现。好吧好吧，我已经在后段。"
"zh-CN","main","choice","d5a-fran-front","5","回声门试验线，核心说出事故","2","下午","cargo","封存货仓","安全部袭扰","fran","","d5a-fran-front","让弗兰顶住货仓入口","稳住正面冲突。","stat.risk-8 / stat.morale+3 / stat.fatigue+8 / crew.fran+5","","","","",""
"zh-CN","main","choice_result","d5a-fran-front.result","5","回声门试验线，核心说出事故","2","下午","cargo","封存货仓","安全部袭扰","fran","","d5a-fran-front","让弗兰顶住货仓入口","","stat.risk-8 / stat.morale+3 / stat.fatigue+8 / crew.fran+5","","","1","弗兰","入口交给我。艾略特，后门别漏。"
"zh-CN","main","choice_result","d5a-fran-front.result","5","回声门试验线，核心说出事故","2","下午","cargo","封存货仓","安全部袭扰","fran","","d5a-fran-front","让弗兰顶住货仓入口","","stat.risk-8 / stat.morale+3 / stat.fatigue+8 / crew.fran+5","","","2","旁白","盾牌挡在白灯和货仓之间。研究所安保没有拿到货物，却留下了未经授权接近的影像。"
"zh-CN","main","choice_result","d5a-fran-front.result","5","回声门试验线，核心说出事故","2","下午","cargo","封存货仓","安全部袭扰","fran","","d5a-fran-front","让弗兰顶住货仓入口","","stat.risk-8 / stat.morale+3 / stat.fatigue+8 / crew.fran+5","","","3","弗兰","入口我守。艾略特，后段有人靠近就喊。"
"zh-CN","main","choice_result","d5a-fran-front.result","5","回声门试验线，核心说出事故","2","下午","cargo","封存货仓","安全部袭扰","fran","","d5a-fran-front","让弗兰顶住货仓入口","","stat.risk-8 / stat.morale+3 / stat.fatigue+8 / crew.fran+5","","","4","艾略特","喊可以，跑过去帮忙也可以，就是别把我写成迟到。"
"zh-CN","main","choice","d5a-eliot-back","5","回声门试验线，核心说出事故","2","下午","cargo","封存货仓","安全部袭扰","fran","","d5a-eliot-back","让艾略特后排支援","用补给和火力阻断后门。","stat.supplies-5 / stat.risk-6 / stat.fatigue+6 / crew.eliot+5","","","","",""
"zh-CN","main","choice_result","d5a-eliot-back.result","5","回声门试验线，核心说出事故","2","下午","cargo","封存货仓","安全部袭扰","fran","","d5a-eliot-back","让艾略特后排支援","","stat.supplies-5 / stat.risk-6 / stat.fatigue+6 / crew.eliot+5","","","1","艾略特","我在后门。非常不情愿，但非常到位。"
"zh-CN","main","choice_result","d5a-eliot-back.result","5","回声门试验线，核心说出事故","2","下午","cargo","封存货仓","安全部袭扰","fran","","d5a-eliot-back","让艾略特后排支援","","stat.supplies-5 / stat.risk-6 / stat.fatigue+6 / crew.eliot+5","","","2","旁白","她的支援让后门入侵中断。事后她把这段写进巡逻记录，标题是“我确实工作了”。"
"zh-CN","main","choice_result","d5a-eliot-back.result","5","回声门试验线，核心说出事故","2","下午","cargo","封存货仓","安全部袭扰","fran","","d5a-eliot-back","让艾略特后排支援","","stat.supplies-5 / stat.risk-6 / stat.fatigue+6 / crew.eliot+5","","","3","艾略特","后排支援到位。虽然听起来不够帅，但安全。"
"zh-CN","main","choice_result","d5a-eliot-back.result","5","回声门试验线，核心说出事故","2","下午","cargo","封存货仓","安全部袭扰","fran","","d5a-eliot-back","让艾略特后排支援","","stat.supplies-5 / stat.risk-6 / stat.fatigue+6 / crew.eliot+5","","","4","旁白","她把备用照明投到盲区，几个靠近货仓的影子立刻退回门禁线外。"
"zh-CN","main","choice","d5a-both","5","回声门试验线，核心说出事故","2","下午","cargo","封存货仓","安全部袭扰","fran","","d5a-both","让两人同时出动","最大限度保住货仓和证据。","stat.risk-14 / stat.morale+5 / stat.supplies-8 / stat.fatigue+8 / crew.fran+4 / crew.eliot+4","","","","",""
"zh-CN","main","choice_result","d5a-both.result","5","回声门试验线，核心说出事故","2","下午","cargo","封存货仓","安全部袭扰","fran","","d5a-both","让两人同时出动","","stat.risk-14 / stat.morale+5 / stat.supplies-8 / stat.fatigue+8 / crew.fran+4 / crew.eliot+4","","","1","弗兰","前门压住。"
"zh-CN","main","choice_result","d5a-both.result","5","回声门试验线，核心说出事故","2","下午","cargo","封存货仓","安全部袭扰","fran","","d5a-both","让两人同时出动","","stat.risk-14 / stat.morale+5 / stat.supplies-8 / stat.fatigue+8 / crew.fran+4 / crew.eliot+4","","","2","艾略特","后门也压住。虽然我现在很想申请一个压住之后的假期。"
"zh-CN","main","choice_result","d5a-both.result","5","回声门试验线，核心说出事故","2","下午","cargo","封存货仓","安全部袭扰","fran","","d5a-both","让两人同时出动","","stat.risk-14 / stat.morale+5 / stat.supplies-8 / stat.fatigue+8 / crew.fran+4 / crew.eliot+4","","","3","旁白","两端同时稳住，研究所安全部第一次被迫撤回公开走廊。"
"zh-CN","main","choice_result","d5a-both.result","5","回声门试验线，核心说出事故","2","下午","cargo","封存货仓","安全部袭扰","fran","","d5a-both","让两人同时出动","","stat.risk-14 / stat.morale+5 / stat.supplies-8 / stat.fatigue+8 / crew.fran+4 / crew.eliot+4","","","4","旁白","两人的争吵声隔着通道都能听见，但脚步没有乱。货仓入口和后段盲区第一次同时安静下来。"
"zh-CN","main","dialogue","d5s3.lines","5","回声门试验线，核心说出事故","3","夜晚","cab","临时数据室","谁来承担记录","livia","","","","","","","","1","旁白","夜晚，临时数据室的屏幕排成一圈，每一块都显示不同版本的事故报告。最刺眼的一版已经写好了无垠号的名字。"
"zh-CN","main","dialogue","d5s3.lines","5","回声门试验线，核心说出事故","3","夜晚","cab","临时数据室","谁来承担记录","livia","","","","","","","","2","莉薇娅","他们准备了三套责任链。准点交付、延期复核、货物损坏，每一套都能把承运方放在最容易牺牲的位置。"
"zh-CN","main","dialogue","d5s3.lines","5","回声门试验线，核心说出事故","3","夜晚","cab","临时数据室","谁来承担记录","livia","","","","","","","","3","列车长","所以我们需要第四套。"
"zh-CN","main","dialogue","d5s3.lines","5","回声门试验线，核心说出事故","3","夜晚","cab","临时数据室","谁来承担记录","livia","","","","","","","","4","遥","技术记录能证明箱体先接入研究所旧线。"
"zh-CN","main","dialogue","d5s3.lines","5","回声门试验线，核心说出事故","3","夜晚","cab","临时数据室","谁来承担记录","livia","","","","","","","","5","波克士","行车日志能证明无垠号没有误入旧线，是旧线被写到当前路线前方。"
"zh-CN","main","dialogue","d5s3.lines","5","回声门试验线，核心说出事故","3","夜晚","cab","临时数据室","谁来承担记录","livia","","","","","","","","6","弗兰","护卫记录能证明安全部试图无授权接管。"
"zh-CN","main","dialogue","d5s3.lines","5","回声门试验线，核心说出事故","3","夜晚","cab","临时数据室","谁来承担记录","livia","","","","","","","","7","艾略特","我的记录能证明我虽然抱怨，但真的在岗。这个也很重要。"
"zh-CN","main","dialogue","d5s3.lines","5","回声门试验线，核心说出事故","3","夜晚","cab","临时数据室","谁来承担记录","livia","","","","","","","","8","莉薇娅","列车长，第四套责任链需要有人签名。"
"zh-CN","main","dialogue","d5s3.lines","5","回声门试验线，核心说出事故","3","夜晚","cab","临时数据室","谁来承担记录","livia","","","","","","","","9","列车长","那就签我的名字，但不是只签我的名字。大家的记录都放进去。"
"zh-CN","main","dialogue","d5s3.lines","5","回声门试验线，核心说出事故","3","夜晚","cab","临时数据室","谁来承担记录","livia","","","","","","","","10","旁白","临时数据室没有窗，只有服务器的蓝光把每个人的影子拉得很长。真相第一次显得比路线本身更窄。"
"zh-CN","main","choice","d5n-livia-record","5","回声门试验线，核心说出事故","3","夜晚","cab","临时数据室","谁来承担记录","livia","","d5n-livia-record","让莉薇娅整理完整责任记录","形成可公开的责任链。","stat.clues+2 / stat.fatigue+6 / crew.livia+5","","","","",""
"zh-CN","main","choice_result","d5n-livia-record.result","5","回声门试验线，核心说出事故","3","夜晚","cab","临时数据室","谁来承担记录","livia","","d5n-livia-record","让莉薇娅整理完整责任记录","","stat.clues+2 / stat.fatigue+6 / crew.livia+5","","","1","莉薇娅","我会把每一次接触、每一次拒绝、每一次权限异常按时间写清楚。"
"zh-CN","main","choice_result","d5n-livia-record.result","5","回声门试验线，核心说出事故","3","夜晚","cab","临时数据室","谁来承担记录","livia","","d5n-livia-record","让莉薇娅整理完整责任记录","","stat.clues+2 / stat.fatigue+6 / crew.livia+5","","","2","旁白","她写得很慢，因为这不是漂亮账目，而是足以让人无法装作没看见的事实。"
"zh-CN","main","choice_result","d5n-livia-record.result","5","回声门试验线，核心说出事故","3","夜晚","cab","临时数据室","谁来承担记录","livia","","d5n-livia-record","让莉薇娅整理完整责任记录","","stat.clues+2 / stat.fatigue+6 / crew.livia+5","","","3","莉薇娅","我会写完整。包括他们为什么需要列车长失去指挥能力。"
"zh-CN","main","choice_result","d5n-livia-record.result","5","回声门试验线，核心说出事故","3","夜晚","cab","临时数据室","谁来承担记录","livia","","d5n-livia-record","让莉薇娅整理完整责任记录","","stat.clues+2 / stat.fatigue+6 / crew.livia+5","","","4","旁白","那句话落下时，车长室里没有人开玩笑。"
"zh-CN","main","choice","d5n-haruka-record","5","回声门试验线，核心说出事故","3","夜晚","cab","临时数据室","谁来承担记录","livia","","d5n-haruka-record","让遥记录技术证据","补足旧试验线和核心耦合证明。","stat.clues+2 / stat.condition-3 / crew.haruka+5","","","","",""
"zh-CN","main","choice_result","d5n-haruka-record.result","5","回声门试验线，核心说出事故","3","夜晚","cab","临时数据室","谁来承担记录","livia","","d5n-haruka-record","让遥记录技术证据","","stat.clues+2 / stat.condition-3 / crew.haruka+5","","","1","遥","我写车况。还有接口编号。"
"zh-CN","main","choice_result","d5n-haruka-record.result","5","回声门试验线，核心说出事故","3","夜晚","cab","临时数据室","谁来承担记录","livia","","d5n-haruka-record","让遥记录技术证据","","stat.clues+2 / stat.condition-3 / crew.haruka+5","","","2","列车长","需要我帮忙吗？"
"zh-CN","main","choice_result","d5n-haruka-record.result","5","回声门试验线，核心说出事故","3","夜晚","cab","临时数据室","谁来承担记录","livia","","d5n-haruka-record","让遥记录技术证据","","stat.clues+2 / stat.condition-3 / crew.haruka+5","","","3","遥","别改字。看就行。"
"zh-CN","main","choice_result","d5n-haruka-record.result","5","回声门试验线，核心说出事故","3","夜晚","cab","临时数据室","谁来承担记录","livia","","d5n-haruka-record","让遥记录技术证据","","stat.clues+2 / stat.condition-3 / crew.haruka+5","","","4","旁白","遥的记录短到几乎没有修饰，却精确得让研究所很难否认。"
"zh-CN","main","choice","d5n-box-log","5","回声门试验线，核心说出事故","3","夜晚","cab","临时数据室","谁来承担记录","livia","","d5n-box-log","让波克士备份行车日志","保全不可篡改日志。","stat.clues+1 / stat.risk-3 / crew.box-6","","","","",""
"zh-CN","main","choice_result","d5n-box-log.result","5","回声门试验线，核心说出事故","3","夜晚","cab","临时数据室","谁来承担记录","livia","","d5n-box-log","让波克士备份行车日志","","stat.clues+1 / stat.risk-3 / crew.box-6","","","1","波克士","行车日志备份完成。附带列车长常见错误清单。"
"zh-CN","main","choice_result","d5n-box-log.result","5","回声门试验线，核心说出事故","3","夜晚","cab","临时数据室","谁来承担记录","livia","","d5n-box-log","让波克士备份行车日志","","stat.clues+1 / stat.risk-3 / crew.box-6","","","2","列车长","那个可以不交。"
"zh-CN","main","choice_result","d5n-box-log.result","5","回声门试验线，核心说出事故","3","夜晚","cab","临时数据室","谁来承担记录","livia","","d5n-box-log","让波克士备份行车日志","","stat.clues+1 / stat.risk-3 / crew.box-6","","","3","波克士","视本机心情而定。"
"zh-CN","main","choice_result","d5n-box-log.result","5","回声门试验线，核心说出事故","3","夜晚","cab","临时数据室","谁来承担记录","livia","","d5n-box-log","让波克士备份行车日志","","stat.clues+1 / stat.risk-3 / crew.box-6","","","4","旁白","玩笑之外，波克士把日志拆成三份，分别写入本地、离线存储和莉薇娅的记录终端。"
"zh-CN","main","dialogue","d6s1.lines","6","阿妮塔能源研究所，真相交涉","1","上午","storm","研究所封锁区","撤离还是公开","livia","","","","","","","","1","旁白","第六天上午，研究所封锁区广播宣布旧试验线进入安全维护。公告没有提到无垠号，也没有提到回声门。"
"zh-CN","main","dialogue","d6s1.lines","6","阿妮塔能源研究所，真相交涉","1","上午","storm","研究所封锁区","撤离还是公开","livia","","","","","","","","2","商会联络","如果无垠号愿意放弃追加说明，货损可以按不可抗力结算。"
"zh-CN","main","dialogue","d6s1.lines","6","阿妮塔能源研究所，真相交涉","1","上午","storm","研究所封锁区","撤离还是公开","livia","","","","","","","","3","莉薇娅","他们想用补偿买走记录。"
"zh-CN","main","dialogue","d6s1.lines","6","阿妮塔能源研究所，真相交涉","1","上午","storm","研究所封锁区","撤离还是公开","livia","","","","","","","","4","列车长","补偿给谁？"
"zh-CN","main","dialogue","d6s1.lines","6","阿妮塔能源研究所，真相交涉","1","上午","storm","研究所封锁区","撤离还是公开","livia","","","","","","","","5","莉薇娅","给商会账户，不给事故里被抹掉的人。"
"zh-CN","main","dialogue","d6s1.lines","6","阿妮塔能源研究所，真相交涉","1","上午","storm","研究所封锁区","撤离还是公开","livia","","","","","","","","6","遥","核心撑不到明天。数据会碎。"
"zh-CN","main","dialogue","d6s1.lines","6","阿妮塔能源研究所，真相交涉","1","上午","storm","研究所封锁区","撤离还是公开","livia","","","","","","","","7","波克士","建议列车长不要被“省事”两个字诱惑。虽然本机知道这对半吊子大脑很困难。"
"zh-CN","main","dialogue","d6s1.lines","6","阿妮塔能源研究所，真相交涉","1","上午","storm","研究所封锁区","撤离还是公开","livia","","","","","","","","8","弗兰","如果公开，安保压力翻倍。"
"zh-CN","main","dialogue","d6s1.lines","6","阿妮塔能源研究所，真相交涉","1","上午","storm","研究所封锁区","撤离还是公开","livia","","","","","","","","9","艾略特","翻倍这个词听起来一点也不像下班。"
"zh-CN","main","dialogue","d6s1.lines","6","阿妮塔能源研究所，真相交涉","1","上午","storm","研究所封锁区","撤离还是公开","livia","","","","","","","","10","列车长","那就决定：撤、留，还是带着见证一起走。"
"zh-CN","main","choice","d6m-retreat-cargo","6","阿妮塔能源研究所，真相交涉","1","上午","storm","研究所封锁区","撤离还是公开","livia","","d6m-retreat-cargo","带着货物撤到研究所外稳定线","保护列车，但可能导致核心数据碎裂。","stat.risk+10 / stat.condition-8 / stat.clues+1 / stat.credit-6","all: condition>=25 / fuel>=15","","","",""
"zh-CN","main","choice_result","d6m-retreat-cargo.result","6","阿妮塔能源研究所，真相交涉","1","上午","storm","研究所封锁区","撤离还是公开","livia","","d6m-retreat-cargo","带着货物撤到研究所外稳定线","","stat.risk+10 / stat.condition-8 / stat.clues+1 / stat.credit-6","all: condition>=25 / fuel>=15","","1","遥","能撤。核心会掉数据。"
"zh-CN","main","choice_result","d6m-retreat-cargo.result","6","阿妮塔能源研究所，真相交涉","1","上午","storm","研究所封锁区","撤离还是公开","livia","","d6m-retreat-cargo","带着货物撤到研究所外稳定线","","stat.risk+10 / stat.condition-8 / stat.clues+1 / stat.credit-6","all: condition>=25 / fuel>=15","","2","列车长","先保人和车。掉的数据，我们用已有证据补。"
"zh-CN","main","choice_result","d6m-retreat-cargo.result","6","阿妮塔能源研究所，真相交涉","1","上午","storm","研究所封锁区","撤离还是公开","livia","","d6m-retreat-cargo","带着货物撤到研究所外稳定线","","stat.risk+10 / stat.condition-8 / stat.clues+1 / stat.credit-6","all: condition>=25 / fuel>=15","","3","旁白","无垠号后撤到稳定线外。核心画面少了一段，但乘员终于离研究所安保远了一点。"
"zh-CN","main","choice_result","d6m-retreat-cargo.result","6","阿妮塔能源研究所，真相交涉","1","上午","storm","研究所封锁区","撤离还是公开","livia","","d6m-retreat-cargo","带着货物撤到研究所外稳定线","","stat.risk+10 / stat.condition-8 / stat.clues+1 / stat.credit-6","all: condition>=25 / fuel>=15","","4","列车长","撤离不是认输，是不让他们挑我们最脆弱的时候开门。"
"zh-CN","main","choice","d6m-assist","6","阿妮塔能源研究所，真相交涉","1","上午","storm","研究所封锁区","撤离还是公开","livia","","d6m-assist","留下协助维护方公开复核","提高信用，但承担现场风险。","stat.credit+4 / stat.risk+6 / stat.morale-3","","","","",""
"zh-CN","main","choice_result","d6m-assist.result","6","阿妮塔能源研究所，真相交涉","1","上午","storm","研究所封锁区","撤离还是公开","livia","","d6m-assist","留下协助维护方公开复核","","stat.credit+4 / stat.risk+6 / stat.morale-3","","","1","研究员","如果你们愿意留下，我们可以进行公开复核。"
"zh-CN","main","choice_result","d6m-assist.result","6","阿妮塔能源研究所，真相交涉","1","上午","storm","研究所封锁区","撤离还是公开","livia","","d6m-assist","留下协助维护方公开复核","","stat.credit+4 / stat.risk+6 / stat.morale-3","","","2","莉薇娅","公开复核，三方记录，不能只在研究所内网留档。"
"zh-CN","main","choice_result","d6m-assist.result","6","阿妮塔能源研究所，真相交涉","1","上午","storm","研究所封锁区","撤离还是公开","livia","","d6m-assist","留下协助维护方公开复核","","stat.credit+4 / stat.risk+6 / stat.morale-3","","","3","旁白","复核开始后，研究员中有人第一次低声承认：回声门事故不该被写成设备故障。"
"zh-CN","main","choice_result","d6m-assist.result","6","阿妮塔能源研究所，真相交涉","1","上午","storm","研究所封锁区","撤离还是公开","livia","","d6m-assist","留下协助维护方公开复核","","stat.credit+4 / stat.risk+6 / stat.morale-3","","","4","研究员","如果公开复核成立，安全部会追究我们。"
"zh-CN","main","choice_result","d6m-assist.result","6","阿妮塔能源研究所，真相交涉","1","上午","storm","研究所封锁区","撤离还是公开","livia","","d6m-assist","留下协助维护方公开复核","","stat.credit+4 / stat.risk+6 / stat.morale-3","","","5","列车长","那说明你们也需要一份能保护自己的记录。"
"zh-CN","main","choice","d6m-union-escort","6","阿妮塔能源研究所，真相交涉","1","上午","storm","研究所封锁区","撤离还是公开","livia","","d6m-union-escort","请求港务调度见证撤离","用地图合理的外部见证替代研究所单方记录。","stat.risk-10 / stat.onTime-1 / stat.credit-2","all: shizuru>=1","","","",""
"zh-CN","main","choice_result","d6m-union-escort.result","6","阿妮塔能源研究所，真相交涉","1","上午","storm","研究所封锁区","撤离还是公开","livia","","d6m-union-escort","请求港务调度见证撤离","","stat.risk-10 / stat.onTime-1 / stat.credit-2","all: shizuru>=1","","1","港务调度","七号自由港可远程见证撤离，但不介入研究所内部争议。"
"zh-CN","main","choice_result","d6m-union-escort.result","6","阿妮塔能源研究所，真相交涉","1","上午","storm","研究所封锁区","撤离还是公开","livia","","d6m-union-escort","请求港务调度见证撤离","","stat.risk-10 / stat.onTime-1 / stat.credit-2","all: shizuru>=1","","2","列车长","见证就够。把我们离线前后的记录接上。"
"zh-CN","main","choice_result","d6m-union-escort.result","6","阿妮塔能源研究所，真相交涉","1","上午","storm","研究所封锁区","撤离还是公开","livia","","d6m-union-escort","请求港务调度见证撤离","","stat.risk-10 / stat.onTime-1 / stat.credit-2","all: shizuru>=1","","3","旁白","港务调度的见证让研究所无法再声称无垠号擅自消失。"
"zh-CN","main","choice_result","d6m-union-escort.result","6","阿妮塔能源研究所，真相交涉","1","上午","storm","研究所封锁区","撤离还是公开","livia","","d6m-union-escort","请求港务调度见证撤离","","stat.risk-10 / stat.onTime-1 / stat.credit-2","all: shizuru>=1","","4","波克士","外部见证接入。研究所内网失去单方面解释现实的便利，值得庆祝。"
"zh-CN","main","dialogue","d6s2.lines","6","阿妮塔能源研究所，真相交涉","2","下午","cab","车头通道","列车长安危事件","livia","","","","","","","","1","旁白","下午，车头通道安全门忽然落下。警报没有响，像有人故意把危险调成了静音。"
"zh-CN","main","dialogue","d6s2.lines","6","阿妮塔能源研究所，真相交涉","2","下午","cab","车头通道","列车长安危事件","livia","","","","","","","","2","波克士","列车长生命体征定位丢失三秒。"
"zh-CN","main","dialogue","d6s2.lines","6","阿妮塔能源研究所，真相交涉","2","下午","cab","车头通道","列车长安危事件","livia","","","","","","","","3","莉薇娅","三秒？"
"zh-CN","main","dialogue","d6s2.lines","6","阿妮塔能源研究所，真相交涉","2","下午","cab","车头通道","列车长安危事件","livia","","","","","","","","4","波克士","现在恢复。请莉薇娅小姐先不要拆掉本机外壳。"
"zh-CN","main","dialogue","d6s2.lines","6","阿妮塔能源研究所，真相交涉","2","下午","cab","车头通道","列车长安危事件","livia","","","","","","","","5","莉薇娅","打开车头通道。"
"zh-CN","main","dialogue","d6s2.lines","6","阿妮塔能源研究所，真相交涉","2","下午","cab","车头通道","列车长安危事件","livia","","","","","","","","6","遥","门锁不是列车的。研究所覆盖。"
"zh-CN","main","dialogue","d6s2.lines","6","阿妮塔能源研究所，真相交涉","2","下午","cab","车头通道","列车长安危事件","livia","","","","","","","","7","弗兰","我去。"
"zh-CN","main","dialogue","d6s2.lines","6","阿妮塔能源研究所，真相交涉","2","下午","cab","车头通道","列车长安危事件","livia","","","","","","","","8","艾略特","我也去。别看我，我知道这时候不能偷懒。"
"zh-CN","main","dialogue","d6s2.lines","6","阿妮塔能源研究所，真相交涉","2","下午","cab","车头通道","列车长安危事件","livia","","","","","","","","9","列车长","我没事。所有人保持位置。"
"zh-CN","main","dialogue","d6s2.lines","6","阿妮塔能源研究所，真相交涉","2","下午","cab","车头通道","列车长安危事件","livia","","","","","","","","10","莉薇娅","你刚刚消失了三秒。"
"zh-CN","main","dialogue","d6s2.lines","6","阿妮塔能源研究所，真相交涉","2","下午","cab","车头通道","列车长安危事件","livia","","","","","","","","11","列车长","所以更不能乱。我们按方案处理，不按恐惧处理。"
"zh-CN","main","dialogue","d6s2.lines","6","阿妮塔能源研究所，真相交涉","2","下午","cab","车头通道","列车长安危事件","livia","","","","","","","","12","莉薇娅","如果再有下一次，我不会只听命令。"
"zh-CN","main","choice","d6a-conductor","6","阿妮塔能源研究所，真相交涉","2","下午","cab","车头通道","列车长安危事件","livia","","d6a-conductor","亲自处理车头门禁覆盖","推进真相，但触发莉薇娅强烈反应。","stat.clues+1 / stat.risk+8 / crew.livia+4","","","","",""
"zh-CN","main","choice_result","d6a-conductor.result","6","阿妮塔能源研究所，真相交涉","2","下午","cab","车头通道","列车长安危事件","livia","","d6a-conductor","亲自处理车头门禁覆盖","","stat.clues+1 / stat.risk+8 / crew.livia+4","","","1","列车长","我去车头，波克士保持通话，莉薇娅记录。"
"zh-CN","main","choice_result","d6a-conductor.result","6","阿妮塔能源研究所，真相交涉","2","下午","cab","车头通道","列车长安危事件","livia","","d6a-conductor","亲自处理车头门禁覆盖","","stat.clues+1 / stat.risk+8 / crew.livia+4","","","2","莉薇娅","那我也在通讯里。请不要再说这是您一个人的责任。"
"zh-CN","main","choice_result","d6a-conductor.result","6","阿妮塔能源研究所，真相交涉","2","下午","cab","车头通道","列车长安危事件","livia","","d6a-conductor","亲自处理车头门禁覆盖","","stat.clues+1 / stat.risk+8 / crew.livia+4","","","3","旁白","门禁覆盖解除时，日志显示研究所安全部曾尝试短暂剥离列车长指挥权限。"
"zh-CN","main","choice_result","d6a-conductor.result","6","阿妮塔能源研究所，真相交涉","2","下午","cab","车头通道","列车长安危事件","livia","","d6a-conductor","亲自处理车头门禁覆盖","","stat.clues+1 / stat.risk+8 / crew.livia+4","","","4","旁白","你走向车头前回头看了一眼。莉薇娅没有阻止你，只把通讯频道开到最高优先级。"
"zh-CN","main","choice","d6a-haruka-remote","6","阿妮塔能源研究所，真相交涉","2","下午","cab","车头通道","列车长安危事件","livia","","d6a-haruka-remote","让遥远程处理门禁覆盖","减少人身风险，消耗遥的精力。","stat.condition-4 / stat.risk-4 / stat.fatigue+8 / crew.haruka+4","all: haruka>=12","","","",""
"zh-CN","main","choice_result","d6a-haruka-remote.result","6","阿妮塔能源研究所，真相交涉","2","下午","cab","车头通道","列车长安危事件","livia","","d6a-haruka-remote","让遥远程处理门禁覆盖","","stat.condition-4 / stat.risk-4 / stat.fatigue+8 / crew.haruka+4","all: haruka>=12","","1","遥","远程能做。别进去。"
"zh-CN","main","choice_result","d6a-haruka-remote.result","6","阿妮塔能源研究所，真相交涉","2","下午","cab","车头通道","列车长安危事件","livia","","d6a-haruka-remote","让遥远程处理门禁覆盖","","stat.condition-4 / stat.risk-4 / stat.fatigue+8 / crew.haruka+4","all: haruka>=12","","2","列车长","交给你。需要几分钟？"
"zh-CN","main","choice_result","d6a-haruka-remote.result","6","阿妮塔能源研究所，真相交涉","2","下午","cab","车头通道","列车长安危事件","livia","","d6a-haruka-remote","让遥远程处理门禁覆盖","","stat.condition-4 / stat.risk-4 / stat.fatigue+8 / crew.haruka+4","all: haruka>=12","","3","遥","六分钟。别催。"
"zh-CN","main","choice_result","d6a-haruka-remote.result","6","阿妮塔能源研究所，真相交涉","2","下午","cab","车头通道","列车长安危事件","livia","","d6a-haruka-remote","让遥远程处理门禁覆盖","","stat.condition-4 / stat.risk-4 / stat.fatigue+8 / crew.haruka+4","all: haruka>=12","","4","旁白","六分钟后门禁恢复，遥只补了一句：覆盖源头在研究所安全部。"
"zh-CN","main","choice","d6a-box-emergency","6","阿妮塔能源研究所，真相交涉","2","下午","cab","车头通道","列车长安危事件","livia","","d6a-box-emergency","让波克士执行应急协议","快速恢复控制，波克士负荷大增。","stat.risk-6 / stat.morale-2 / crew.box-15","all: box>=40","","","",""
"zh-CN","main","choice_result","d6a-box-emergency.result","6","阿妮塔能源研究所，真相交涉","2","下午","cab","车头通道","列车长安危事件","livia","","d6a-box-emergency","让波克士执行应急协议","","stat.risk-6 / stat.morale-2 / crew.box-15","all: box>=40","","1","波克士","应急协议启动。请列车长记住，本机今日英勇表现值得至少三次正式表扬。"
"zh-CN","main","choice_result","d6a-box-emergency.result","6","阿妮塔能源研究所，真相交涉","2","下午","cab","车头通道","列车长安危事件","livia","","d6a-box-emergency","让波克士执行应急协议","","stat.risk-6 / stat.morale-2 / crew.box-15","all: box>=40","","2","旁白","波克士抢回门禁控制权，同时把覆盖请求原文封存。那份原文后来成为公开交涉的重要证据。"
"zh-CN","main","choice_result","d6a-box-emergency.result","6","阿妮塔能源研究所，真相交涉","2","下午","cab","车头通道","列车长安危事件","livia","","d6a-box-emergency","让波克士执行应急协议","","stat.risk-6 / stat.morale-2 / crew.box-15","all: box>=40","","3","波克士","应急协议启动。请半吊子列车长不要在本机发光时插嘴。"
"zh-CN","main","choice_result","d6a-box-emergency.result","6","阿妮塔能源研究所，真相交涉","2","下午","cab","车头通道","列车长安危事件","livia","","d6a-box-emergency","让波克士执行应急协议","","stat.risk-6 / stat.morale-2 / crew.box-15","all: box>=40","","4","旁白","门禁覆盖被强行切断，代价是波克士的机体温度一路飙高。"
"zh-CN","main","choice","d6a-guards","6","阿妮塔能源研究所，真相交涉","2","下午","cab","车头通道","列车长安危事件","livia","","d6a-guards","让弗兰和艾略特护送处理","稳妥推进，消耗补给和体力。","stat.morale+4 / stat.supplies-6 / stat.risk-6 / stat.fatigue+8 / crew.fran+4 / crew.eliot+4","","","","",""
"zh-CN","main","choice_result","d6a-guards.result","6","阿妮塔能源研究所，真相交涉","2","下午","cab","车头通道","列车长安危事件","livia","","d6a-guards","让弗兰和艾略特护送处理","","stat.morale+4 / stat.supplies-6 / stat.risk-6 / stat.fatigue+8 / crew.fran+4 / crew.eliot+4","","","1","弗兰","护送队形。艾略特，别离开侧后。"
"zh-CN","main","choice_result","d6a-guards.result","6","阿妮塔能源研究所，真相交涉","2","下午","cab","车头通道","列车长安危事件","livia","","d6a-guards","让弗兰和艾略特护送处理","","stat.morale+4 / stat.supplies-6 / stat.risk-6 / stat.fatigue+8 / crew.fran+4 / crew.eliot+4","","","2","艾略特","知道知道。我今天可靠得让我自己都不习惯。"
"zh-CN","main","choice_result","d6a-guards.result","6","阿妮塔能源研究所，真相交涉","2","下午","cab","车头通道","列车长安危事件","livia","","d6a-guards","让弗兰和艾略特护送处理","","stat.morale+4 / stat.supplies-6 / stat.risk-6 / stat.fatigue+8 / crew.fran+4 / crew.eliot+4","","","3","旁白","两名护卫压住走廊，研究所人员没能再靠近车头门禁。"
"zh-CN","main","choice_result","d6a-guards.result","6","阿妮塔能源研究所，真相交涉","2","下午","cab","车头通道","列车长安危事件","livia","","d6a-guards","让弗兰和艾略特护送处理","","stat.morale+4 / stat.supplies-6 / stat.risk-6 / stat.fatigue+8 / crew.fran+4 / crew.eliot+4","","","4","弗兰","艾略特，别落后。"
"zh-CN","main","choice_result","d6a-guards.result","6","阿妮塔能源研究所，真相交涉","2","下午","cab","车头通道","列车长安危事件","livia","","d6a-guards","让弗兰和艾略特护送处理","","stat.morale+4 / stat.supplies-6 / stat.risk-6 / stat.fatigue+8 / crew.fran+4 / crew.eliot+4","","","5","艾略特","知道啦。关键时候我从来不落后，只是平时比较有弹性。"
"zh-CN","main","dialogue","d6s3.lines","6","阿妮塔能源研究所，真相交涉","3","夜晚","lounge","车长室","公开前夜","livia","","","","","","","","1","旁白","第六天夜里，所有记录堆在车长室桌上。合同、排班、端口权限、重复轨道、封存令、门禁覆盖、隐藏交接流程。它们终于能连成完整故事。"
"zh-CN","main","dialogue","d6s3.lines","6","阿妮塔能源研究所，真相交涉","3","夜晚","lounge","车长室","公开前夜","livia","","","","","","","","2","莉薇娅","这不是货物异常，这是一次被包装成运输事故的研究所事故收尾。"
"zh-CN","main","dialogue","d6s3.lines","6","阿妮塔能源研究所，真相交涉","3","夜晚","lounge","车长室","公开前夜","livia","","","","","","","","3","遥","核心里有撤离记录。有人没来得及出去。"
"zh-CN","main","dialogue","d6s3.lines","6","阿妮塔能源研究所，真相交涉","3","夜晚","lounge","车长室","公开前夜","livia","","","","","","","","4","列车长","所以它一直在让我们慢一点、查清楚。"
"zh-CN","main","dialogue","d6s3.lines","6","阿妮塔能源研究所，真相交涉","3","夜晚","lounge","车长室","公开前夜","livia","","","","","","","","5","波克士","本机不承认箱体具有高尚动机。但事实显示，它至少比研究所安全部诚实。"
"zh-CN","main","dialogue","d6s3.lines","6","阿妮塔能源研究所，真相交涉","3","夜晚","lounge","车长室","公开前夜","livia","","","","","","","","6","弗兰","明天如果他们抢记录，我守前段。"
"zh-CN","main","dialogue","d6s3.lines","6","阿妮塔能源研究所，真相交涉","3","夜晚","lounge","车长室","公开前夜","livia","","","","","","","","7","艾略特","我守后段。虽然我强烈建议后段旁边开个休息区。"
"zh-CN","main","dialogue","d6s3.lines","6","阿妮塔能源研究所，真相交涉","3","夜晚","lounge","车长室","公开前夜","livia","","","","","","","","8","莉薇娅","列车长，明天不管你选哪条路，我都会在旁边。"
"zh-CN","main","dialogue","d6s3.lines","6","阿妮塔能源研究所，真相交涉","3","夜晚","lounge","车长室","公开前夜","livia","","","","","","","","9","列车长","如果我命令你离开？"
"zh-CN","main","dialogue","d6s3.lines","6","阿妮塔能源研究所，真相交涉","3","夜晚","lounge","车长室","公开前夜","livia","","","","","","","","10","莉薇娅","那我会先判断那是不是值得执行的命令。"
"zh-CN","main","dialogue","d6s3.lines","6","阿妮塔能源研究所，真相交涉","3","夜晚","lounge","车长室","公开前夜","livia","","","","","","","","11","列车长","好。那我也不下这种命令。"
"zh-CN","main","choice","d6n-livia","6","阿妮塔能源研究所，真相交涉","3","夜晚","lounge","车长室","公开前夜","livia","","d6n-livia","和莉薇娅整理公开交涉单","补足责任链和信任。","stat.clues+1 / stat.fatigue+4 / crew.livia+6","","","","",""
"zh-CN","main","choice_result","d6n-livia.result","6","阿妮塔能源研究所，真相交涉","3","夜晚","lounge","车长室","公开前夜","livia","","d6n-livia","和莉薇娅整理公开交涉单","","stat.clues+1 / stat.fatigue+4 / crew.livia+6","","","1","莉薇娅","这份交涉单会让商会不高兴，也会让研究所很难看。"
"zh-CN","main","choice_result","d6n-livia.result","6","阿妮塔能源研究所，真相交涉","3","夜晚","lounge","车长室","公开前夜","livia","","d6n-livia","和莉薇娅整理公开交涉单","","stat.clues+1 / stat.fatigue+4 / crew.livia+6","","","2","列车长","那就写得更准确。让他们没法只说我们情绪化。"
"zh-CN","main","choice_result","d6n-livia.result","6","阿妮塔能源研究所，真相交涉","3","夜晚","lounge","车长室","公开前夜","livia","","d6n-livia","和莉薇娅整理公开交涉单","","stat.clues+1 / stat.fatigue+4 / crew.livia+6","","","3","列车长","这次不是你替我写免责书。"
"zh-CN","main","choice_result","d6n-livia.result","6","阿妮塔能源研究所，真相交涉","3","夜晚","lounge","车长室","公开前夜","livia","","d6n-livia","和莉薇娅整理公开交涉单","","stat.clues+1 / stat.fatigue+4 / crew.livia+6","","","4","莉薇娅","我知道。所以我写的是共同决定。"
"zh-CN","main","choice","d6n-haruka","6","阿妮塔能源研究所，真相交涉","3","夜晚","lounge","车长室","公开前夜","livia","","d6n-haruka","陪遥守维修车厢","稳定列车状态。","stat.condition+6 / stat.morale-2 / crew.haruka+5","","","","",""
"zh-CN","main","choice_result","d6n-haruka.result","6","阿妮塔能源研究所，真相交涉","3","夜晚","lounge","车长室","公开前夜","livia","","d6n-haruka","陪遥守维修车厢","","stat.condition+6 / stat.morale-2 / crew.haruka+5","","","1","遥","坐那边。别碰工具。"
"zh-CN","main","choice_result","d6n-haruka.result","6","阿妮塔能源研究所，真相交涉","3","夜晚","lounge","车长室","公开前夜","livia","","d6n-haruka","陪遥守维修车厢","","stat.condition+6 / stat.morale-2 / crew.haruka+5","","","2","列车长","我只陪你守着。"
"zh-CN","main","choice_result","d6n-haruka.result","6","阿妮塔能源研究所，真相交涉","3","夜晚","lounge","车长室","公开前夜","livia","","d6n-haruka","陪遥守维修车厢","","stat.condition+6 / stat.morale-2 / crew.haruka+5","","","3","遥","嗯。这样可以。"
"zh-CN","main","choice_result","d6n-haruka.result","6","阿妮塔能源研究所，真相交涉","3","夜晚","lounge","车长室","公开前夜","livia","","d6n-haruka","陪遥守维修车厢","","stat.condition+6 / stat.morale-2 / crew.haruka+5","","","4","遥","车况能撑到明天。人需要睡。你也一样。"
"zh-CN","main","choice","d6n-box","6","阿妮塔能源研究所，真相交涉","3","夜晚","lounge","车长室","公开前夜","livia","","d6n-box","让波克士整理行车日志","保全证据并恢复一点疲劳。","stat.clues+1 / stat.fatigue-3 / crew.box-5","","","","",""
"zh-CN","main","choice_result","d6n-box.result","6","阿妮塔能源研究所，真相交涉","3","夜晚","lounge","车长室","公开前夜","livia","","d6n-box","让波克士整理行车日志","","stat.clues+1 / stat.fatigue-3 / crew.box-5","","","1","波克士","本机将生成最优日志。缺点：列车长表现会显得过于真实。"
"zh-CN","main","choice_result","d6n-box.result","6","阿妮塔能源研究所，真相交涉","3","夜晚","lounge","车长室","公开前夜","livia","","d6n-box","让波克士整理行车日志","","stat.clues+1 / stat.fatigue-3 / crew.box-5","","","2","列车长","真实就行。"
"zh-CN","main","choice_result","d6n-box.result","6","阿妮塔能源研究所，真相交涉","3","夜晚","lounge","车长室","公开前夜","livia","","d6n-box","让波克士整理行车日志","","stat.clues+1 / stat.fatigue-3 / crew.box-5","","","3","波克士","本机将用最优雅的格式整理人类制造的混乱。"
"zh-CN","main","choice_result","d6n-box.result","6","阿妮塔能源研究所，真相交涉","3","夜晚","lounge","车长室","公开前夜","livia","","d6n-box","让波克士整理行车日志","","stat.clues+1 / stat.fatigue-3 / crew.box-5","","","4","旁白","它嘴上嫌弃，备份动作却比任何人都快。"
"zh-CN","main","choice","d6n-rest-guards","6","阿妮塔能源研究所，真相交涉","3","夜晚","lounge","车长室","公开前夜","livia","","d6n-rest-guards","安排弗兰和艾略特轮班休息","恢复护卫状态。","stat.morale+8 / stat.risk+3 / stat.fatigue-4 / crew.fran+3 / crew.eliot+3","","","","",""
"zh-CN","main","choice_result","d6n-rest-guards.result","6","阿妮塔能源研究所，真相交涉","3","夜晚","lounge","车长室","公开前夜","livia","","d6n-rest-guards","安排弗兰和艾略特轮班休息","","stat.morale+8 / stat.risk+3 / stat.fatigue-4 / crew.fran+3 / crew.eliot+3","","","1","弗兰","两小时轮休。艾略特先睡。"
"zh-CN","main","choice_result","d6n-rest-guards.result","6","阿妮塔能源研究所，真相交涉","3","夜晚","lounge","车长室","公开前夜","livia","","d6n-rest-guards","安排弗兰和艾略特轮班休息","","stat.morale+8 / stat.risk+3 / stat.fatigue-4 / crew.fran+3 / crew.eliot+3","","","2","艾略特","我第一次觉得命令如此悦耳。"
"zh-CN","main","choice_result","d6n-rest-guards.result","6","阿妮塔能源研究所，真相交涉","3","夜晚","lounge","车长室","公开前夜","livia","","d6n-rest-guards","安排弗兰和艾略特轮班休息","","stat.morale+8 / stat.risk+3 / stat.fatigue-4 / crew.fran+3 / crew.eliot+3","","","3","弗兰","我守上半夜。"
"zh-CN","main","choice_result","d6n-rest-guards.result","6","阿妮塔能源研究所，真相交涉","3","夜晚","lounge","车长室","公开前夜","livia","","d6n-rest-guards","安排弗兰和艾略特轮班休息","","stat.morale+8 / stat.risk+3 / stat.fatigue-4 / crew.fran+3 / crew.eliot+3","","","4","艾略特","那我下半夜。别露出那种‘你居然主动’的表情。"
"zh-CN","main","choice","d6n-all-rest","6","阿妮塔能源研究所，真相交涉","3","夜晚","lounge","车长室","公开前夜","livia","","d6n-all-rest","全员休息","大幅恢复疲劳，但不新增证据。","stat.fatigue-12","","","","",""
"zh-CN","main","choice_result","d6n-all-rest.result","6","阿妮塔能源研究所，真相交涉","3","夜晚","lounge","车长室","公开前夜","livia","","d6n-all-rest","全员休息","","stat.fatigue-12","","","1","旁白","这一夜，车厢灯光提前暗下。没有人真的睡得很沉，但至少每个人都闭上眼，把明天之前最后一点力气攒回来。"
"zh-CN","main","choice_result","d6n-all-rest.result","6","阿妮塔能源研究所，真相交涉","3","夜晚","lounge","车长室","公开前夜","livia","","d6n-all-rest","全员休息","","stat.fatigue-12","","","2","旁白","你强行关掉会议灯。列车没有因此更安全，但所有人终于有了把明天撑完的力气。"
"zh-CN","main","choice_result","d6n-all-rest.result","6","阿妮塔能源研究所，真相交涉","3","夜晚","lounge","车长室","公开前夜","livia","","d6n-all-rest","全员休息","","stat.fatigue-12","","","3","列车长","今晚的命令只有一个：睡觉。谁醒着写检讨。"
"zh-CN","main","choice_result","d6n-all-rest.result","6","阿妮塔能源研究所，真相交涉","3","夜晚","lounge","车长室","公开前夜","livia","","d6n-all-rest","全员休息","","stat.fatigue-12","","","4","波克士","本机不睡觉，因此拒绝检讨。"
"zh-CN","main","dialogue","d7s1.lines","7","阿妮塔能源研究所，谁来签收","1","上午","cab","驾驶室","最终确认","livia","","","","","","","","1","旁白","第七天上午，驾驶室安静得反常。阿妮塔能源研究所的塔楼就在前方，像一枚竖在终点线上的银色钉子。"
"zh-CN","main","dialogue","d7s1.lines","7","阿妮塔能源研究所，谁来签收","1","上午","cab","驾驶室","最终确认","livia","","","","","","","","2","波克士","距离交接台四小时十七分。风险评估：不适合让列车长独处。"
"zh-CN","main","dialogue","d7s1.lines","7","阿妮塔能源研究所，谁来签收","1","上午","cab","驾驶室","最终确认","livia","","","","","","","","3","列车长","这是评估还是讽刺？"
"zh-CN","main","dialogue","d7s1.lines","7","阿妮塔能源研究所，谁来签收","1","上午","cab","驾驶室","最终确认","livia","","","","","","","","4","波克士","二者并不冲突。"
"zh-CN","main","dialogue","d7s1.lines","7","阿妮塔能源研究所，谁来签收","1","上午","cab","驾驶室","最终确认","livia","","","","","","","","5","莉薇娅","最终指令拆成两份。您确认行车，我确认交接条件。"
"zh-CN","main","dialogue","d7s1.lines","7","阿妮塔能源研究所，谁来签收","1","上午","cab","驾驶室","最终确认","livia","","","","","","","","6","列车长","你不信任我？"
"zh-CN","main","dialogue","d7s1.lines","7","阿妮塔能源研究所，谁来签收","1","上午","cab","驾驶室","最终确认","livia","","","","","","","","7","莉薇娅","我信任您。所以我知道您会在必要的时候把自己放到最后。"
"zh-CN","main","dialogue","d7s1.lines","7","阿妮塔能源研究所，谁来签收","1","上午","cab","驾驶室","最终确认","livia","","","","","","","","8","遥","核心数据还剩百分之六十二。公开前够用。拖延不够。"
"zh-CN","main","dialogue","d7s1.lines","7","阿妮塔能源研究所，谁来签收","1","上午","cab","驾驶室","最终确认","livia","","","","","","","","9","弗兰","护卫位排好了。"
"zh-CN","main","dialogue","d7s1.lines","7","阿妮塔能源研究所，谁来签收","1","上午","cab","驾驶室","最终确认","livia","","","","","","","","10","艾略特","我也排好了。终点听起来一点也不像下班。"
"zh-CN","main","dialogue","d7s1.lines","7","阿妮塔能源研究所，谁来签收","1","上午","cab","驾驶室","最终确认","livia","","","","","","","","11","列车长","今天不是证明谁能牺牲。今天是把所有人都带到可以交代的地方。"
"zh-CN","main","choice","d7m-shared-command","7","阿妮塔能源研究所，谁来签收","1","上午","cab","驾驶室","最终确认","livia","","d7m-shared-command","让莉薇娅共同确认最终指令","明确共同承担，不让列车长孤立决策。","stat.clues+1 / stat.fatigue+4 / stat.risk-4 / crew.livia+8","","","","",""
"zh-CN","main","choice_result","d7m-shared-command.result","7","阿妮塔能源研究所，谁来签收","1","上午","cab","驾驶室","最终确认","livia","","d7m-shared-command","让莉薇娅共同确认最终指令","","stat.clues+1 / stat.fatigue+4 / stat.risk-4 / crew.livia+8","","","1","莉薇娅","两份确认。您负责行车，我负责交接条件。"
"zh-CN","main","choice_result","d7m-shared-command.result","7","阿妮塔能源研究所，谁来签收","1","上午","cab","驾驶室","最终确认","livia","","d7m-shared-command","让莉薇娅共同确认最终指令","","stat.clues+1 / stat.fatigue+4 / stat.risk-4 / crew.livia+8","","","2","列车长","还有第三份。大家都能叫停。"
"zh-CN","main","choice_result","d7m-shared-command.result","7","阿妮塔能源研究所，谁来签收","1","上午","cab","驾驶室","最终确认","livia","","d7m-shared-command","让莉薇娅共同确认最终指令","","stat.clues+1 / stat.fatigue+4 / stat.risk-4 / crew.livia+8","","","3","旁白","最终指令不再是一个人的签字，而是一整列车共同确认的决定。"
"zh-CN","main","choice_result","d7m-shared-command.result","7","阿妮塔能源研究所，谁来签收","1","上午","cab","驾驶室","最终确认","livia","","d7m-shared-command","让莉薇娅共同确认最终指令","","stat.clues+1 / stat.fatigue+4 / stat.risk-4 / crew.livia+8","","","4","旁白","最终指令由你和莉薇娅共同确认。她的签名紧挨着你的签名，不像保护伞，更像并肩站住的位置。"
"zh-CN","main","choice","d7m-keep-livia-safe","7","阿妮塔能源研究所，谁来签收","1","上午","cab","驾驶室","最终确认","livia","","d7m-keep-livia-safe","命令莉薇娅留在安全车厢","降低她的即时风险，但伤害信任。","stat.risk-6 / stat.morale-3 / crew.livia-8 / crew.box-4","","","","",""
"zh-CN","main","choice_result","d7m-keep-livia-safe.result","7","阿妮塔能源研究所，谁来签收","1","上午","cab","驾驶室","最终确认","livia","","d7m-keep-livia-safe","命令莉薇娅留在安全车厢","","stat.risk-6 / stat.morale-3 / crew.livia-8 / crew.box-4","","","1","莉薇娅","如果这是命令，我会执行。列车长，我只是希望您明白，温柔不是把别人推出门外。"
"zh-CN","main","choice_result","d7m-keep-livia-safe.result","7","阿妮塔能源研究所，谁来签收","1","上午","cab","驾驶室","最终确认","livia","","d7m-keep-livia-safe","命令莉薇娅留在安全车厢","","stat.risk-6 / stat.morale-3 / crew.livia-8 / crew.box-4","","","2","列车长","我知道。可我还是怕。"
"zh-CN","main","choice_result","d7m-keep-livia-safe.result","7","阿妮塔能源研究所，谁来签收","1","上午","cab","驾驶室","最终确认","livia","","d7m-keep-livia-safe","命令莉薇娅留在安全车厢","","stat.risk-6 / stat.morale-3 / crew.livia-8 / crew.box-4","","","3","旁白","这句话让命令显得不那么冰冷，却没有让莉薇娅更安心。"
"zh-CN","main","choice_result","d7m-keep-livia-safe.result","7","阿妮塔能源研究所，谁来签收","1","上午","cab","驾驶室","最终确认","livia","","d7m-keep-livia-safe","命令莉薇娅留在安全车厢","","stat.risk-6 / stat.morale-3 / crew.livia-8 / crew.box-4","","","4","莉薇娅","我会服从，但请不要把“安全”理解成让我离开决定。"
"zh-CN","main","choice","d7m-box-sim","7","阿妮塔能源研究所，谁来签收","1","上午","cab","驾驶室","最终确认","livia","","d7m-box-sim","让波克士跑三重交接模拟","降低最终风险。","stat.risk-8 / stat.condition-3 / stat.fatigue+5 / crew.box-6","","","","",""
"zh-CN","main","choice_result","d7m-box-sim.result","7","阿妮塔能源研究所，谁来签收","1","上午","cab","驾驶室","最终确认","livia","","d7m-box-sim","让波克士跑三重交接模拟","","stat.risk-8 / stat.condition-3 / stat.fatigue+5 / crew.box-6","","","1","波克士","三重模拟完成。结论：听波克士的，别逞强，尤其是列车长。"
"zh-CN","main","choice_result","d7m-box-sim.result","7","阿妮塔能源研究所，谁来签收","1","上午","cab","驾驶室","最终确认","livia","","d7m-box-sim","让波克士跑三重交接模拟","","stat.risk-8 / stat.condition-3 / stat.fatigue+5 / crew.box-6","","","2","遥","模拟里车能撑。人要慢点。"
"zh-CN","main","choice_result","d7m-box-sim.result","7","阿妮塔能源研究所，谁来签收","1","上午","cab","驾驶室","最终确认","livia","","d7m-box-sim","让波克士跑三重交接模拟","","stat.risk-8 / stat.condition-3 / stat.fatigue+5 / crew.box-6","","","3","波克士","三重模拟完成。结论：研究所最讨厌公开记录，其次讨厌本机。品味不佳。"
"zh-CN","main","choice_result","d7m-box-sim.result","7","阿妮塔能源研究所，谁来签收","1","上午","cab","驾驶室","最终确认","livia","","d7m-box-sim","让波克士跑三重交接模拟","","stat.risk-8 / stat.condition-3 / stat.fatigue+5 / crew.box-6","","","4","旁白","模拟结果把六种结局列在屏幕上，每一种都标出代价，没有一种是完全免费的。"
"zh-CN","main","dialogue","d7s2.lines","7","阿妮塔能源研究所，谁来签收","2","下午","storm","研究所交接台外环","最后一段路","haruka","","","","","","","","1","旁白","下午，交接台外环出现相位扰动。那不是风暴，而是旧试验线试图把最后一段记录吞回去。"
"zh-CN","main","dialogue","d7s2.lines","7","阿妮塔能源研究所，谁来签收","2","下午","storm","研究所交接台外环","最后一段路","haruka","","","","","","","","2","遥","轨道还在。"
"zh-CN","main","dialogue","d7s2.lines","7","阿妮塔能源研究所，谁来签收","2","下午","storm","研究所交接台外环","最后一段路","haruka","","","","","","","","3","波克士","轨道当然在。问题是研究所系统正在要求它假装不在。"
"zh-CN","main","dialogue","d7s2.lines","7","阿妮塔能源研究所，谁来签收","2","下午","storm","研究所交接台外环","最后一段路","haruka","","","","","","","","4","列车长","能同步稳定器吗？"
"zh-CN","main","dialogue","d7s2.lines","7","阿妮塔能源研究所，谁来签收","2","下午","storm","研究所交接台外环","最后一段路","haruka","","","","","","","","5","遥","能。手动更稳。会累。"
"zh-CN","main","dialogue","d7s2.lines","7","阿妮塔能源研究所，谁来签收","2","下午","storm","研究所交接台外环","最后一段路","haruka","","","","","","","","6","莉薇娅","交接台要求我们保持准点。回函里没有一个字提到旧试验线。"
"zh-CN","main","dialogue","d7s2.lines","7","阿妮塔能源研究所，谁来签收","2","下午","storm","研究所交接台外环","最后一段路","haruka","","","","","","","","7","艾略特","他们真的很擅长把危险写成天气。"
"zh-CN","main","dialogue","d7s2.lines","7","阿妮塔能源研究所，谁来签收","2","下午","storm","研究所交接台外环","最后一段路","haruka","","","","","","","","8","弗兰","所有车厢固定。"
"zh-CN","main","dialogue","d7s2.lines","7","阿妮塔能源研究所，谁来签收","2","下午","storm","研究所交接台外环","最后一段路","haruka","","","","","","","","9","列车长","最后一段路，我们选怎么抵达，也是在选报告第一句话。"
"zh-CN","main","dialogue","d7s2.lines","7","阿妮塔能源研究所，谁来签收","2","下午","storm","研究所交接台外环","最后一段路","haruka","","","","","","","","10","旁白","交接台外环的轨道开始收束。所有分支在这里变成一条线，也把你们这七天做过的每个选择推到同一个终点。"
"zh-CN","main","choice","d7a-slow-crossing","7","阿妮塔能源研究所，谁来签收","2","下午","storm","研究所交接台外环","最后一段路","haruka","","d7a-slow-crossing","减速穿过交接台外环","牺牲准点，最大化证据稳定。","stat.onTime-2 / stat.fuel-10 / stat.risk-12 / stat.condition-3","","","","",""
"zh-CN","main","choice_result","d7a-slow-crossing.result","7","阿妮塔能源研究所，谁来签收","2","下午","storm","研究所交接台外环","最后一段路","haruka","","d7a-slow-crossing","减速穿过交接台外环","","stat.onTime-2 / stat.fuel-10 / stat.risk-12 / stat.condition-3","","","1","遥","慢一点。核心数据不会碎。"
"zh-CN","main","choice_result","d7a-slow-crossing.result","7","阿妮塔能源研究所，谁来签收","2","下午","storm","研究所交接台外环","最后一段路","haruka","","d7a-slow-crossing","减速穿过交接台外环","","stat.onTime-2 / stat.fuel-10 / stat.risk-12 / stat.condition-3","","","2","列车长","减速。让报告第一句话写成：无垠号选择保全事故记录。"
"zh-CN","main","choice_result","d7a-slow-crossing.result","7","阿妮塔能源研究所，谁来签收","2","下午","storm","研究所交接台外环","最后一段路","haruka","","d7a-slow-crossing","减速穿过交接台外环","","stat.onTime-2 / stat.fuel-10 / stat.risk-12 / stat.condition-3","","","3","遥","减速通过。核心反应下降。"
"zh-CN","main","choice_result","d7a-slow-crossing.result","7","阿妮塔能源研究所，谁来签收","2","下午","storm","研究所交接台外环","最后一段路","haruka","","d7a-slow-crossing","减速穿过交接台外环","","stat.onTime-2 / stat.fuel-10 / stat.risk-12 / stat.condition-3","","","4","旁白","慢下来之后，你终于能分辨交接台外环下方那条被隐藏的旧线。"
"zh-CN","main","choice","d7a-push-through","7","阿妮塔能源研究所，谁来签收","2","下午","storm","研究所交接台外环","最后一段路","haruka","","d7a-push-through","保持准点冲线","保住合同优势，但风险上升。","stat.onTime+2 / stat.fuel-6 / stat.risk+14 / stat.condition-8 / crew.box-4","","","","",""
"zh-CN","main","choice_result","d7a-push-through.result","7","阿妮塔能源研究所，谁来签收","2","下午","storm","研究所交接台外环","最后一段路","haruka","","d7a-push-through","保持准点冲线","","stat.onTime+2 / stat.fuel-6 / stat.risk+14 / stat.condition-8 / crew.box-4","","","1","波克士","高速穿越许可。列车长，请在本机英明指挥下表现得像个合格配件。"
"zh-CN","main","choice_result","d7a-push-through.result","7","阿妮塔能源研究所，谁来签收","2","下午","storm","研究所交接台外环","最后一段路","haruka","","d7a-push-through","保持准点冲线","","stat.onTime+2 / stat.fuel-6 / stat.risk+14 / stat.condition-8 / crew.box-4","","","2","旁白","准点数字保住了，但核心数据在交接台前又掉了百分之七。"
"zh-CN","main","choice_result","d7a-push-through.result","7","阿妮塔能源研究所，谁来签收","2","下午","storm","研究所交接台外环","最后一段路","haruka","","d7a-push-through","保持准点冲线","","stat.onTime+2 / stat.fuel-6 / stat.risk+14 / stat.condition-8 / crew.box-4","","","3","波克士","准点冲线。车底负载上升。建议人类不要在此刻发表豪言。"
"zh-CN","main","choice_result","d7a-push-through.result","7","阿妮塔能源研究所，谁来签收","2","下午","storm","研究所交接台外环","最后一段路","haruka","","d7a-push-through","保持准点冲线","","stat.onTime+2 / stat.fuel-6 / stat.risk+14 / stat.condition-8 / crew.box-4","","","4","旁白","无垠号贴着时间表穿过外环，所有警报都像被压低的鼓声。"
"zh-CN","main","choice","d7a-haruka-sync","7","阿妮塔能源研究所，谁来签收","2","下午","storm","研究所交接台外环","最后一段路","haruka","","d7a-haruka-sync","让遥手动同步稳定器","稳定列车和核心，遥承担额外疲劳。","stat.condition+8 / stat.risk-6 / stat.fatigue+8 / crew.haruka+8","","","","",""
"zh-CN","main","choice_result","d7a-haruka-sync.result","7","阿妮塔能源研究所，谁来签收","2","下午","storm","研究所交接台外环","最后一段路","haruka","","d7a-haruka-sync","让遥手动同步稳定器","","stat.condition+8 / stat.risk-6 / stat.fatigue+8 / crew.haruka+8","","","1","遥","我来。"
"zh-CN","main","choice_result","d7a-haruka-sync.result","7","阿妮塔能源研究所，谁来签收","2","下午","storm","研究所交接台外环","最后一段路","haruka","","d7a-haruka-sync","让遥手动同步稳定器","","stat.condition+8 / stat.risk-6 / stat.fatigue+8 / crew.haruka+8","","","2","列车长","需要人陪你吗？"
"zh-CN","main","choice_result","d7a-haruka-sync.result","7","阿妮塔能源研究所，谁来签收","2","下午","storm","研究所交接台外环","最后一段路","haruka","","d7a-haruka-sync","让遥手动同步稳定器","","stat.condition+8 / stat.risk-6 / stat.fatigue+8 / crew.haruka+8","","","3","遥","不用。看面板。异常就叫我。"
"zh-CN","main","choice_result","d7a-haruka-sync.result","7","阿妮塔能源研究所，谁来签收","2","下午","storm","研究所交接台外环","最后一段路","haruka","","d7a-haruka-sync","让遥手动同步稳定器","","stat.condition+8 / stat.risk-6 / stat.fatigue+8 / crew.haruka+8","","","4","旁白","遥的同步让核心数据停在可公开阈值以上。她没有说漂亮话，只把结果保了下来。"
"zh-CN","main","dialogue","d7s3.lines","7","阿妮塔能源研究所，谁来签收","3","夜晚","research","阿妮塔能源研究所交接台","最终签收","livia","","","","","","","","1","旁白","夜晚，交接台亮着成排白灯。商会、研究所、港务调度代表都站在灯下，每个人都带着一份已经写好结论的文件。"
"zh-CN","main","dialogue","d7s3.lines","7","阿妮塔能源研究所，谁来签收","3","夜晚","research","阿妮塔能源研究所交接台","最终签收","livia","","","","","","","","2","商会代表","无垠号已抵达。请按合同完成交付。"
"zh-CN","main","dialogue","d7s3.lines","7","阿妮塔能源研究所，谁来签收","3","夜晚","research","阿妮塔能源研究所交接台","最终签收","livia","","","","","","","","3","研究所代表","校准核心必须移交研究所。任何延误都可能造成更大损失。"
"zh-CN","main","dialogue","d7s3.lines","7","阿妮塔能源研究所，谁来签收","3","夜晚","research","阿妮塔能源研究所交接台","最终签收","livia","","","","","","","","4","换轨站员","港务调度只确认原始排班被改动，不参与研究所内部争议。"
"zh-CN","main","dialogue","d7s3.lines","7","阿妮塔能源研究所，谁来签收","3","夜晚","research","阿妮塔能源研究所交接台","最终签收","livia","","","","","","","","5","波克士","三方发言完毕。共同点：都没有先问列车上的人是否安全。"
"zh-CN","main","dialogue","d7s3.lines","7","阿妮塔能源研究所，谁来签收","3","夜晚","research","阿妮塔能源研究所交接台","最终签收","livia","","","","","","","","6","莉薇娅","我方要求先确认责任豁免、事故记录保全、第三方见证。"
"zh-CN","main","dialogue","d7s3.lines","7","阿妮塔能源研究所，谁来签收","3","夜晚","research","阿妮塔能源研究所交接台","最终签收","livia","","","","","","","","7","研究所代表","你们没有权限改变合同。"
"zh-CN","main","dialogue","d7s3.lines","7","阿妮塔能源研究所，谁来签收","3","夜晚","research","阿妮塔能源研究所交接台","最终签收","livia","","","","","","","","8","莉薇娅","我没有改变合同。我只是把你们藏在合同背面的字翻到正面。"
"zh-CN","main","dialogue","d7s3.lines","7","阿妮塔能源研究所，谁来签收","3","夜晚","research","阿妮塔能源研究所交接台","最终签收","livia","","","","","","","","9","遥","核心数据还有百分之四十一。再拖会坏。"
"zh-CN","main","dialogue","d7s3.lines","7","阿妮塔能源研究所，谁来签收","3","夜晚","research","阿妮塔能源研究所交接台","最终签收","livia","","","","","","","","10","弗兰","护卫线展开。"
"zh-CN","main","dialogue","d7s3.lines","7","阿妮塔能源研究所，谁来签收","3","夜晚","research","阿妮塔能源研究所交接台","最终签收","livia","","","","","","","","11","艾略特","我站好了。现在后悔还来得及吗？"
"zh-CN","main","dialogue","d7s3.lines","7","阿妮塔能源研究所，谁来签收","3","夜晚","research","阿妮塔能源研究所交接台","最终签收","livia","","","","","","","","12","列车长","来不及了。"
"zh-CN","main","dialogue","d7s3.lines","7","阿妮塔能源研究所，谁来签收","3","夜晚","research","阿妮塔能源研究所交接台","最终签收","livia","","","","","","","","13","莉薇娅","列车长，最后一份签收文件在您这里。"
"zh-CN","main","dialogue","d7s3.lines","7","阿妮塔能源研究所，谁来签收","3","夜晚","research","阿妮塔能源研究所交接台","最终签收","livia","","","","","","","","14","旁白","所有灯光都落到桌面那张薄薄的纸上。七天的噪声、争执、隐瞒和保护，终于挤成一个必须写下的名字。"
"zh-CN","main","choice","end-ontime","7","阿妮塔能源研究所，谁来签收","3","夜晚","research","阿妮塔能源研究所交接台","最终签收","livia","","end-ontime","准点交付，只提交运输结果","需要准点与商会信用。","","all: onTime>=2 / credit>=35","onTime","","",""
"zh-CN","main","choice_result","end-ontime.result","7","阿妮塔能源研究所，谁来签收","3","夜晚","research","阿妮塔能源研究所交接台","最终签收","livia","","end-ontime","准点交付，只提交运输结果","","","all: onTime>=2 / credit>=35","onTime","1","旁白","无垠号准时抵达，交付流程按合同完成。"
"zh-CN","main","choice_result","end-ontime.result","7","阿妮塔能源研究所，谁来签收","3","夜晚","research","阿妮塔能源研究所交接台","最终签收","livia","","end-ontime","准点交付，只提交运输结果","","","all: onTime>=2 / credit>=35","onTime","2","列车长","按合同交付，完整日志另存。"
"zh-CN","main","choice_result","end-ontime.result","7","阿妮塔能源研究所，谁来签收","3","夜晚","research","阿妮塔能源研究所交接台","最终签收","livia","","end-ontime","准点交付，只提交运输结果","","","all: onTime>=2 / credit>=35","onTime","3","旁白","你没有赢下所有真相，但保住了无垠号继续追问的资格。"
"zh-CN","main","choice_result","end-ontime.result","7","阿妮塔能源研究所，谁来签收","3","夜晚","research","阿妮塔能源研究所交接台","最终签收","livia","","end-ontime","准点交付，只提交运输结果","","","all: onTime>=2 / credit>=35","onTime","4","莉薇娅","我会把公开版和完整版分开存档。"
"zh-CN","main","choice","end-review","7","阿妮塔能源研究所，谁来签收","3","夜晚","research","阿妮塔能源研究所交接台","最终签收","livia","","end-review","延期复核，先由遥确认核心状态","需要车况、遥信任和证据。","","all: condition>=25 / haruka>=12 / clues>=4","review","","",""
"zh-CN","main","choice_result","end-review.result","7","阿妮塔能源研究所，谁来签收","3","夜晚","research","阿妮塔能源研究所交接台","最终签收","livia","","end-review","延期复核，先由遥确认核心状态","","","all: condition>=25 / haruka>=12 / clues>=4","review","1","遥","现在不能交。核心数据还能修。"
"zh-CN","main","choice_result","end-review.result","7","阿妮塔能源研究所，谁来签收","3","夜晚","research","阿妮塔能源研究所交接台","最终签收","livia","","end-review","延期复核，先由遥确认核心状态","","","all: condition>=25 / haruka>=12 / clues>=4","review","2","莉薇娅","那就延期。列车长，我来写说明。"
"zh-CN","main","choice_result","end-review.result","7","阿妮塔能源研究所，谁来签收","3","夜晚","research","阿妮塔能源研究所交接台","最终签收","livia","","end-review","延期复核，先由遥确认核心状态","","","all: condition>=25 / haruka>=12 / clues>=4","review","3","遥","核心状态不明。不能签收。"
"zh-CN","main","choice_result","end-review.result","7","阿妮塔能源研究所，谁来签收","3","夜晚","research","阿妮塔能源研究所交接台","最终签收","livia","","end-review","延期复核，先由遥确认核心状态","","","all: condition>=25 / haruka>=12 / clues>=4","review","4","列车长","那就延期。让他们把灯开到天亮。"
"zh-CN","main","choice","end-public","7","阿妮塔能源研究所，谁来签收","3","夜晚","research","阿妮塔能源研究所交接台","最终签收","livia","","end-public","公开责任链，接受商会追责","需要证据和莉薇娅信任。","","all: clues>=6 / livia>=16","public","","",""
"zh-CN","main","choice_result","end-public.result","7","阿妮塔能源研究所，谁来签收","3","夜晚","research","阿妮塔能源研究所交接台","最终签收","livia","","end-public","公开责任链，接受商会追责","","","all: clues>=6 / livia>=16","public","1","莉薇娅","所有隐藏条款、端口权限和门禁覆盖记录，都在这里。"
"zh-CN","main","choice_result","end-public.result","7","阿妮塔能源研究所，谁来签收","3","夜晚","research","阿妮塔能源研究所交接台","最终签收","livia","","end-public","公开责任链，接受商会追责","","","all: clues>=6 / livia>=16","public","2","莉薇娅","公开之后，商会也会追责我们。"
"zh-CN","main","choice_result","end-public.result","7","阿妮塔能源研究所，谁来签收","3","夜晚","research","阿妮塔能源研究所交接台","最终签收","livia","","end-public","公开责任链，接受商会追责","","","all: clues>=6 / livia>=16","public","3","列车长","可以。别让他们只追责我们。"
"zh-CN","main","choice_result","end-public.result","7","阿妮塔能源研究所，谁来签收","3","夜晚","research","阿妮塔能源研究所交接台","最终签收","livia","","end-public","公开责任链，接受商会追责","","","all: clues>=6 / livia>=16","public","4","旁白","责任链被投到交接台大屏上，研究所代表第一次失去准备好的措辞。"
"zh-CN","main","choice","end-union","7","阿妮塔能源研究所，谁来签收","3","夜晚","research","阿妮塔能源研究所交接台","最终签收","livia","","end-union","交由港务与第三方共同托管","需要外部见证。","","all: shizuru>=1","union","","",""
"zh-CN","main","choice_result","end-union.result","7","阿妮塔能源研究所，谁来签收","3","夜晚","research","阿妮塔能源研究所交接台","最终签收","livia","","end-union","交由港务与第三方共同托管","","","all: shizuru>=1","union","1","港务调度","七号自由港确认接收托管记录。研究所不得单方面覆盖。"
"zh-CN","main","choice_result","end-union.result","7","阿妮塔能源研究所，谁来签收","3","夜晚","research","阿妮塔能源研究所交接台","最终签收","livia","","end-union","交由港务与第三方共同托管","","","all: shizuru>=1","union","2","港务调度","三方托管确认。"
"zh-CN","main","choice_result","end-union.result","7","阿妮塔能源研究所，谁来签收","3","夜晚","research","阿妮塔能源研究所交接台","最终签收","livia","","end-union","交由港务与第三方共同托管","","","all: shizuru>=1","union","3","波克士","终于有人类想起钥匙不该只放在一只手里。"
"zh-CN","main","choice_result","end-union.result","7","阿妮塔能源研究所，谁来签收","3","夜晚","research","阿妮塔能源研究所交接台","最终签收","livia","","end-union","交由港务与第三方共同托管","","","all: shizuru>=1","union","4","旁白","核心没有立刻交给研究所，也没有留在无垠号。它被放进一个谁都不能单独打开的中间地带。"
"zh-CN","main","choice","end-box","7","阿妮塔能源研究所，谁来签收","3","夜晚","research","阿妮塔能源研究所交接台","最终签收","livia","","end-box","调用波克士应急协议压线完成","需要波克士稳定和燃料。","stat.fuel-10 / crew.box-20","all: box>=45 / fuel>=10","box","","",""
"zh-CN","main","choice_result","end-box.result","7","阿妮塔能源研究所，谁来签收","3","夜晚","research","阿妮塔能源研究所交接台","最终签收","livia","","end-box","调用波克士应急协议压线完成","","stat.fuel-10 / crew.box-20","all: box>=45 / fuel>=10","box","1","波克士","应急协议完成。伟大的波克士拯救了列车长岌岌可危的准点记录。"
"zh-CN","main","choice_result","end-box.result","7","阿妮塔能源研究所，谁来签收","3","夜晚","research","阿妮塔能源研究所交接台","最终签收","livia","","end-box","调用波克士应急协议压线完成","","stat.fuel-10 / crew.box-20","all: box>=45 / fuel>=10","box","2","波克士","应急协议完成。请在本机检修期间持续赞美本机。"
"zh-CN","main","choice_result","end-box.result","7","阿妮塔能源研究所，谁来签收","3","夜晚","research","阿妮塔能源研究所交接台","最终签收","livia","","end-box","调用波克士应急协议压线完成","","stat.fuel-10 / crew.box-20","all: box>=45 / fuel>=10","box","3","列车长","先重启，赞美可以排队。"
"zh-CN","main","choice_result","end-box.result","7","阿妮塔能源研究所，谁来签收","3","夜晚","research","阿妮塔能源研究所交接台","最终签收","livia","","end-box","调用波克士应急协议压线完成","","stat.fuel-10 / crew.box-20","all: box>=45 / fuel>=10","box","4","旁白","它把最后一份备份弹进离线仓，然后屏幕一黑。"
"zh-CN","main","choice","end-storm","7","阿妮塔能源研究所，谁来签收","3","夜晚","research","阿妮塔能源研究所交接台","最终签收","livia","","end-storm","停止交付，优先撤离乘员","兜底结局。","","","storm","","",""
"zh-CN","main","choice_result","end-storm.result","7","阿妮塔能源研究所，谁来签收","3","夜晚","research","阿妮塔能源研究所交接台","最终签收","livia","","end-storm","停止交付，优先撤离乘员","","","","storm","1","旁白","无垠号停在交接台外，没有签下那份过于干净的文件。"
"zh-CN","main","choice_result","end-storm.result","7","阿妮塔能源研究所，谁来签收","3","夜晚","research","阿妮塔能源研究所交接台","最终签收","livia","","end-storm","停止交付，优先撤离乘员","","","","storm","2","列车长","停止交付。先撤乘员。"
"zh-CN","main","choice_result","end-storm.result","7","阿妮塔能源研究所，谁来签收","3","夜晚","research","阿妮塔能源研究所交接台","最终签收","livia","","end-storm","停止交付，优先撤离乘员","","","","storm","3","弗兰","护卫组开路。艾略特，别回头捡你的夜宵券。"
"zh-CN","main","choice_result","end-storm.result","7","阿妮塔能源研究所，谁来签收","3","夜晚","research","阿妮塔能源研究所交接台","最终签收","livia","","end-storm","停止交付，优先撤离乘员","","","","storm","4","旁白","无垠号没有冲过终点。它把所有人带离了被设计好的终点。"
"zh-CN","crew","crew_profile","livia","","","","","","","","","livia","","","","","","","","莉薇娅","列车助理 / 账目、记录与过度关心列车长"
"zh-CN","crew","crew_status_low","livia.low","","","","","","","","","livia","","","","","","","","莉薇娅","莉薇娅把账本合上，先确认你的脸色，再把话题拉回合同。她没有催促你，却已经准备好了三套风险说明。"
"zh-CN","crew","crew_talk_low","livia.talks.low","","","","","","","","","livia","","","","","","","1","列车长","莉薇娅，别把所有责任都先往自己那边挪。"
"zh-CN","crew","crew_talk_low","livia.talks.low","","","","","","","","","livia","","","","","","","2","莉薇娅","我没有。至少……我会尽量没有。"
"zh-CN","crew","crew_talk_low","livia.talks.low","","","","","","","","","livia","","","","","","","3","列车长","这听起来不像保证。"
"zh-CN","crew","crew_talk_low","livia.talks.low","","","","","","","","","livia","","","","","","","4","莉薇娅","因为如果有人必须被追责，我还是会先想办法让您离那个位置远一点。"
"zh-CN","crew","crew_talk_low","livia.talks.low","","","","","","","","","livia","","","","","","","5","列车长","那我也给你一个保证。需要签字的时候，我不会躲在你后面。"
"zh-CN","crew","crew_talk_low","livia.talks.low","","","","","","","","","livia","","","","","","","6","莉薇娅","我知道。也正因为知道，才更需要提前把风险写清楚。"
"zh-CN","crew","crew_epilogue_low","livia.epilogues.low","","","","","","","","","livia","","","","","","","","莉薇娅","莉薇娅在结算后补完了所有账目。她仍会把红茶放到你手边，却不再主动谈起那晚锁门的事；那页记录被她夹在账本最里面，像一个还没准备好公开的道歉。"
"zh-CN","crew","crew_status_mid","livia.mid","","","","","","","","","livia","","","","","","","","莉薇娅","莉薇娅轻声提醒：“列车长，温柔不是把责任一个人背完。我会把事实写清楚，也会把您还活着这件事放在第一位。”"
"zh-CN","crew","crew_talk_mid","livia.talks.mid","","","","","","","","","livia","","","","","","","1","莉薇娅","列车长，研究所的回函用了三次“协助”。"
"zh-CN","crew","crew_talk_mid","livia.talks.mid","","","","","","","","","livia","","","","","","","2","列车长","这词有什么问题？"
"zh-CN","crew","crew_talk_mid","livia.talks.mid","","","","","","","","","livia","","","","","","","3","莉薇娅","它听起来礼貌，但没有一次说明协助失败时谁负责。"
"zh-CN","crew","crew_talk_mid","livia.talks.mid","","","","","","","","","livia","","","","","","","4","列车长","那就要求他们补充责任边界。"
"zh-CN","crew","crew_talk_mid","livia.talks.mid","","","","","","","","","livia","","","","","","","5","莉薇娅","我已经写好了。只等您确认。"
"zh-CN","crew","crew_talk_mid","livia.talks.mid","","","","","","","","","livia","","","","","","","6","列车长","你刚才是在等我开口？"
"zh-CN","crew","crew_talk_mid","livia.talks.mid","","","","","","","","","livia","","","","","","","7","莉薇娅","是的。因为这是您的决定，不是我替您藏起来的决定。"
"zh-CN","crew","crew_epilogue_mid","livia.epilogues.mid","","","","","","","","","livia","","","","","","","","莉薇娅","莉薇娅把公开报告和完整报告分成两份。公开报告给商会，完整报告给无垠号。她说这样做不够完美，但至少这次没有把列车长单独留在责任栏里。"
"zh-CN","crew","crew_status_high","livia.high","","","","","","","","","livia","","","","","","","","莉薇娅","莉薇娅站在你身侧，文件夹压在胸前：“这次我不只负责记录。我会在您想把自己排到最后的时候，提醒您还有我们。”"
"zh-CN","crew","crew_talk_high","livia.talks.high","","","","","","","","","livia","","","","","","","1","莉薇娅","我查到了隐藏日志。生成时间在我们接单之前。"
"zh-CN","crew","crew_talk_high","livia.talks.high","","","","","","","","","livia","","","","","","","2","列车长","你脸色很差。"
"zh-CN","crew","crew_talk_high","livia.talks.high","","","","","","","","","livia","","","","","","","3","莉薇娅","日志里有一份您失去指挥能力后的交接流程。它甚至写好了临时签收人。"
"zh-CN","crew","crew_talk_high","livia.talks.high","","","","","","","","","livia","","","","","","","4","列车长","所以他们不是预防事故，是准备利用事故。"
"zh-CN","crew","crew_talk_high","livia.talks.high","","","","","","","","","livia","","","","","","","5","莉薇娅","是。列车长，我知道您会生气，也知道您会想亲自去确认。"
"zh-CN","crew","crew_talk_high","livia.talks.high","","","","","","","","","livia","","","","","","","6","列车长","我会去。但不是一个人。"
"zh-CN","crew","crew_talk_high","livia.talks.high","","","","","","","","","livia","","","","","","","7","莉薇娅","……谢谢您。"
"zh-CN","crew","crew_epilogue_high","livia.epilogues.high","","","","","","","","","livia","","","","","","","","莉薇娅","莉薇娅留在车长室整理到深夜。最后她把签字页推给你，轻声说：下次如果还要走进麻烦里，请先叫我。她没有请求，也没有退让，只是在你旁边放下一支笔。"
"zh-CN","crew","crew_profile","haruka","","","","","","","","","haruka","","","","","","","","遥","维修师 / 话少，高效，只关心列车状态"
"zh-CN","crew","crew_status_low","haruka.low","","","","","","","","","haruka","","","","","","","","遥","遥递来一张维修单，纸上只有三行：轴温偏高、传感器被占用、禁止高速长跑。她看着你，等你读完。"
"zh-CN","crew","crew_talk_low","haruka.talks.low","","","","","","","","","haruka","","","","","","","1","列车长","遥，给我结论。"
"zh-CN","crew","crew_talk_low","haruka.talks.low","","","","","","","","","haruka","","","","","","","2","遥","箱体在占用车底传感器。占用比例不高，但一直在涨。"
"zh-CN","crew","crew_talk_low","haruka.talks.low","","","","","","","","","haruka","","","","","","","3","列车长","它会影响行车吗？"
"zh-CN","crew","crew_talk_low","haruka.talks.low","","","","","","","","","haruka","","","","","","","4","遥","现在不会。高速会。"
"zh-CN","crew","crew_talk_low","haruka.talks.low","","","","","","","","","haruka","","","","","","","5","列车长","处理建议？"
"zh-CN","crew","crew_talk_low","haruka.talks.low","","","","","","","","","haruka","","","","","","","6","遥","降速，隔离第三节车厢底线。十分钟。"
"zh-CN","crew","crew_talk_low","haruka.talks.low","","","","","","","","","haruka","","","","","","","7","旁白","她没有补充形容词，也没有等你猜。维修单上已经写好了材料、时间和风险。"
"zh-CN","crew","crew_epilogue_low","haruka.epilogues.low","","","","","","","","","haruka","","","","","","","","遥","遥完成检修后只留下一张维修单：车底底线更换、传感器复位、旧试验线接口列入黑名单。她没多说，但把备用隔离器放在驾驶室门口。"
"zh-CN","crew","crew_status_mid","haruka.mid","","","","","","","","","haruka","","","","","","","","遥","遥把检修灯挂回腰间：“结论：能跑。条件：降速，分段检查，不要让箱体接管车底线路。”"
"zh-CN","crew","crew_talk_mid","haruka.talks.mid","","","","","","","","","haruka","","","","","","","1","列车长","你刚才说它不是传感器故障。"
"zh-CN","crew","crew_talk_mid","haruka.talks.mid","","","","","","","","","haruka","","","","","","","2","遥","故障不会避开自检。它会。"
"zh-CN","crew","crew_talk_mid","haruka.talks.mid","","","","","","","","","haruka","","","","","","","3","列车长","所以有人设计过这种行为。"
"zh-CN","crew","crew_talk_mid","haruka.talks.mid","","","","","","","","","haruka","","","","","","","4","遥","对。阿妮塔的接口，旧版本。"
"zh-CN","crew","crew_talk_mid","haruka.talks.mid","","","","","","","","","haruka","","","","","","","5","列车长","你能追到源头吗？"
"zh-CN","crew","crew_talk_mid","haruka.talks.mid","","","","","","","","","haruka","","","","","","","6","遥","能。需要停车三分钟。别让波克士重启这段线路。"
"zh-CN","crew","crew_talk_mid","haruka.talks.mid","","","","","","","","","haruka","","","","","","","7","波克士","本机抗议被点名，但承认遥小姐的判断有技术价值。"
"zh-CN","crew","crew_epilogue_mid","haruka.epilogues.mid","","","","","","","","","haruka","","","","","","","","遥","遥把核心残留波形整理成技术附件。她的说明很短：不是货损，是外部写入。那八个字让研究所的三页解释显得格外多余。"
"zh-CN","crew","crew_status_high","haruka.high","","","","","","","","","haruka","","","","","","","","遥","遥没有多解释，只把备用隔离器放到你手边：“需要我时叫我。别叫晚。”"
"zh-CN","crew","crew_talk_high","haruka.talks.high","","","","","","","","","haruka","","","","","","","1","列车长","遥，如果最后必须在交付前拆箱，你能保证列车安全吗？"
"zh-CN","crew","crew_talk_high","haruka.talks.high","","","","","","","","","haruka","","","","","","","2","遥","能保证列车。不能保证货。"
"zh-CN","crew","crew_talk_high","haruka.talks.high","","","","","","","","","haruka","","","","","","","3","列车长","那就先保列车。"
"zh-CN","crew","crew_talk_high","haruka.talks.high","","","","","","","","","haruka","","","","","","","4","遥","好。"
"zh-CN","crew","crew_talk_high","haruka.talks.high","","","","","","","","","haruka","","","","","","","5","列车长","你没有问我报酬和违约金。"
"zh-CN","crew","crew_talk_high","haruka.talks.high","","","","","","","","","haruka","","","","","","","6","遥","那不是车况。"
"zh-CN","crew","crew_talk_high","haruka.talks.high","","","","","","","","","haruka","","","","","","","7","旁白","遥把隔离器的备用锁扣递给你。她的表达仍然简短，但这一次，结论已经足够清楚。"
"zh-CN","crew","crew_epilogue_high","haruka.epilogues.high","","","","","","","","","haruka","","","","","","","","遥","遥在维修仓守到核心备份完成。你问她累不累，她说车况稳定。停了一会儿，她又补一句：人也还行。对遥来说，这已经是很完整的回答。"
"zh-CN","crew","crew_profile","box","","","","","","","","","box","","","","","","","","波克士","行车机器人 / 毒舌、自封称号、偏袒莉薇娅"
"zh-CN","crew","crew_status_low","box.low","","","","","","","","","box","","","","","","","","波克士","波克士的播报里夹着三句自夸和两句对列车长的批评，但路线图仍然准确地停在异常点上。"
"zh-CN","crew","crew_talk_low","box.talks.low","","","","","","","","","box","","","","","","","1","列车长","波克士，帮我调一下下一段轨道预测。"
"zh-CN","crew","crew_talk_low","box.talks.low","","","","","","","","","box","","","","","","","2","波克士","请求已接收。伟大的波克士正在用卓越算力弥补半吊子列车长的普通大脑。"
"zh-CN","crew","crew_talk_low","box.talks.low","","","","","","","","","box","","","","","","","3","列车长","普通大脑感谢你。"
"zh-CN","crew","crew_talk_low","box.talks.low","","","","","","","","","box","","","","","","","4","波克士","不客气。另，莉薇娅小姐已连续三次查看您的疲劳记录。建议列车长停止假装自己是高耐久零件。"
"zh-CN","crew","crew_talk_low","box.talks.low","","","","","","","","","box","","","","","","","5","列车长","这是你的建议，还是莉薇娅的？"
"zh-CN","crew","crew_talk_low","box.talks.low","","","","","","","","","box","","","","","","","6","波克士","本机的建议当然更高级。但莉薇娅小姐的担心更正确。"
"zh-CN","crew","crew_epilogue_low","box.epilogues.low","","","","","","","","","box","","","","","","","","波克士","波克士进入检修模式，仍坚持把本次功劳记在自己名下，并顺手给列车长留下二十七条改进建议。"
"zh-CN","crew","crew_status_mid","box.mid","","","","","","","","","box","","","","","","","","波克士","波克士晃了晃机体：“评判者波克士认为，列车长今日至少没有把麻烦推迟到爆炸之后再处理。”"
"zh-CN","crew","crew_talk_mid","box.talks.mid","","","","","","","","","box","","","","","","","1","列车长","波克士，你刚才把我的行车评分播出来了？"
"zh-CN","crew","crew_talk_mid","box.talks.mid","","","","","","","","","box","","","","","","","2","波克士","更正：本机只播出了节选版。完整版包含“犹豫时间偏长”“表情管理一般”“签字姿势还算端正”等珍贵评价。"
"zh-CN","crew","crew_talk_mid","box.talks.mid","","","","","","","","","box","","","","","","","3","列车长","谢谢你没播完整版。"
"zh-CN","crew","crew_talk_mid","box.talks.mid","","","","","","","","","box","","","","","","","4","波克士","不用谢。维护列车长仅剩的威严，是行车机器人承担的额外社会责任。"
"zh-CN","crew","crew_talk_mid","box.talks.mid","","","","","","","","","box","","","","","","","5","列车长","下一段风险呢？"
"zh-CN","crew","crew_talk_mid","box.talks.mid","","","","","","","","","box","","","","","","","6","波克士","污染风偏移，轨道占用异常，货仓回声频率上升。结论：麻烦正在加速靠近。建议半吊子列车长提前表现得像个列车长。"
"zh-CN","crew","crew_epilogue_mid","box.epilogues.mid","","","","","","","","","box","","","","","","","","波克士","波克士把行车日志刻成三份，标题分别是“真相”“备份”和“列车长错误精选”。莉薇娅只允许前两份进入正式档案。"
"zh-CN","crew","crew_status_high","box.high","","","","","","","","","box","","","","","","","","波克士","波克士投出三层行车图：“全知者波克士已完成推演，半吊子列车长只需承认本机优秀并照做。”"
"zh-CN","crew","crew_talk_high","box.talks.high","","","","","","","","","box","","","","","","","1","列车长","波克士，如果我需要你临时接管一部分行车协议，你能撑多久？"
"zh-CN","crew","crew_talk_high","box.talks.high","","","","","","","","","box","","","","","","","2","波克士","哔哔！请注意措辞。不是“撑”，是“由伟大的波克士降临并拯救局面”。"
"zh-CN","crew","crew_talk_high","box.talks.high","","","","","","","","","box","","","","","","","3","列车长","那伟大的波克士能降临多久？"
"zh-CN","crew","crew_talk_high","box.talks.high","","","","","","","","","box","","","","","","","4","波克士","视列车长添乱程度而定。理想状态二十七分钟，现实状态约十五分钟。"
"zh-CN","crew","crew_talk_high","box.talks.high","","","","","","","","","box","","","","","","","5","列车长","够了。"
"zh-CN","crew","crew_talk_high","box.talks.high","","","","","","","","","box","","","","","","","6","波克士","另外，莉薇娅小姐要求本机提醒您：十五分钟不是让您冲进危险区域的许可证。"
"zh-CN","crew","crew_talk_high","box.talks.high","","","","","","","","","box","","","","","","","7","列车长","你们两个什么时候统一口径的？"
"zh-CN","crew","crew_talk_high","box.talks.high","","","","","","","","","box","","","","","","","8","波克士","优秀个体之间不需要统一口径。半吊子列车长只需要听话。"
"zh-CN","crew","crew_epilogue_high","box.epilogues.high","","","","","","","","","box","","","","","","","","波克士","波克士重启后第一时间向全车广播：伟大的波克士再次拯救无垠号。随后它小声补了一句：列车长这次也勉强像样。"
"zh-CN","crew","crew_profile","fran","","","","","","","","","fran","","","","","","","","弗兰","护卫乘员 / 负责把艾略特从偷懒边缘拉回岗位"
"zh-CN","crew","crew_status_low","fran.low","","","","","","","","","fran","","","","","","","","弗兰","弗兰检查盾牌固定带，提醒你别把护卫排班当成能随便透支的资源。"
"zh-CN","crew","crew_talk_low","fran.talks.low","","","","","","","","","fran","","","","","","","1","列车长","弗兰，护卫排班还能压缩吗？"
"zh-CN","crew","crew_talk_low","fran.talks.low","","","","","","","","","fran","","","","","","","2","弗兰","能。但不建议。能压缩和应该压缩不是一回事。"
"zh-CN","crew","crew_talk_low","fran.talks.low","","","","","","","","","fran","","","","","","","3","艾略特","我觉得可以适度相信同伴的主观能动性，比如让我主观地去休息。"
"zh-CN","crew","crew_talk_low","fran.talks.low","","","","","","","","","fran","","","","","","","4","弗兰","你刚才已经休息过了。"
"zh-CN","crew","crew_talk_low","fran.talks.low","","","","","","","","","fran","","","","","","","5","艾略特","那叫战略性闭目养神。"
"zh-CN","crew","crew_talk_low","fran.talks.low","","","","","","","","","fran","","","","","","","6","弗兰","列车长，后段我来巡一次，艾略特补货仓门口。她再战略性闭眼，你可以直接扣她餐后甜点。"
"zh-CN","crew","crew_talk_low","fran.talks.low","","","","","","","","","fran","","","","","","","7","艾略特","这也太严厉了吧！"
"zh-CN","crew","crew_epilogue_low","fran.epilogues.low","","","","","","","","","fran","","","","","","","","弗兰","弗兰交回巡逻表时没有多说。表格边角被盾牌压出痕迹，说明她那几天几乎没有真正离开货仓门口。"
"zh-CN","crew","crew_status_mid","fran.mid","","","","","","","","","fran","","","","","","","","弗兰","弗兰把巡逻表推到你面前：“我守货仓，艾略特守后段。她抱怨归抱怨，会到位。”"
"zh-CN","crew","crew_talk_mid","fran.talks.mid","","","","","","","","","fran","","","","","","","1","列车长","弗兰，今天辛苦你盯着艾略特了。"
"zh-CN","crew","crew_talk_mid","fran.talks.mid","","","","","","","","","fran","","","","","","","2","弗兰","这算工作内容的一部分。"
"zh-CN","crew","crew_talk_mid","fran.talks.mid","","","","","","","","","fran","","","","","","","3","艾略特","我抗议，我明明也有可靠的时候。"
"zh-CN","crew","crew_talk_mid","fran.talks.mid","","","","","","","","","fran","","","","","","","4","弗兰","通常发生在已经没有时间给你找借口的时候。"
"zh-CN","crew","crew_talk_mid","fran.talks.mid","","","","","","","","","fran","","","","","","","5","列车长","那如果今晚出事，你觉得她靠得住吗？"
"zh-CN","crew","crew_talk_mid","fran.talks.mid","","","","","","","","","fran","","","","","","","6","弗兰","靠得住。前提是别让她提前知道要加班太久。"
"zh-CN","crew","crew_talk_mid","fran.talks.mid","","","","","","","","","fran","","","","","","","7","艾略特","我本人就在旁边，你们可以稍微委婉一点。"
"zh-CN","crew","crew_epilogue_mid","fran.epilogues.mid","","","","","","","","","fran","","","","","","","","弗兰","弗兰把安保袭扰影像整理成护卫附件。她没有夸自己，也没有夸艾略特，只在最后写：后段支援到位。"
"zh-CN","crew","crew_status_high","fran.high","","","","","","","","","fran","","","","","","","","弗兰","弗兰看了一眼艾略特，又看向你：“危险点我来压。她负责补位。列车长，你负责别一个人冲出去。”"
"zh-CN","crew","crew_talk_high","fran.talks.high","","","","","","","","","fran","","","","","","","1","列车长","弗兰，如果要在风暴边界外守一整晚，你怎么排？"
"zh-CN","crew","crew_talk_high","fran.talks.high","","","","","","","","","fran","","","","","","","2","弗兰","我守前半，艾略特守后半。列车长休息，莉薇娅也休息。"
"zh-CN","crew","crew_talk_high","fran.talks.high","","","","","","","","","fran","","","","","","","3","艾略特","等一下，为什么我的名字出现得这么自然？"
"zh-CN","crew","crew_talk_high","fran.talks.high","","","","","","","","","fran","","","","","","","4","弗兰","因为你关键时候不会跑。"
"zh-CN","crew","crew_talk_high","fran.talks.high","","","","","","","","","fran","","","","","","","5","艾略特","……你突然这么说，我反而不好意思偷懒了。"
"zh-CN","crew","crew_talk_high","fran.talks.high","","","","","","","","","fran","","","","","","","6","弗兰","那就记住现在的不好意思。"
"zh-CN","crew","crew_talk_high","fran.talks.high","","","","","","","","","fran","","","","","","","7","列车长","我把这句写进值乘记录。"
"zh-CN","crew","crew_talk_high","fran.talks.high","","","","","","","","","fran","","","","","","","8","艾略特","别！这会成为以后压榨我的证据！"
"zh-CN","crew","crew_epilogue_high","fran.epilogues.high","","","","","","","","","fran","","","","","","","","弗兰","弗兰在下一班车前重新排了护卫表。艾略特看到自己名字旁边多了休息时间，刚要欢呼，就发现弗兰也把训练时间排在了后面。"
"zh-CN","crew","crew_profile","eliot","","","","","","","","","eliot","","","","","","","","艾略特","护卫乘员 / 嘴碎、偷懒、关键时刻会动"
"zh-CN","crew","crew_status_low","eliot.low","","","","","","","","","eliot","","","","","","","","艾略特","艾略特举手：“我能申请一种不增加站岗时间、但显得我很可靠的工作方式吗？”"
"zh-CN","crew","crew_talk_low","eliot.talks.low","","","","","","","","","eliot","","","","","","","1","列车长","艾略特，你在这里做什么？"
"zh-CN","crew","crew_talk_low","eliot.talks.low","","","","","","","","","eliot","","","","","","","2","艾略特","观察餐车门口的安全环境。"
"zh-CN","crew","crew_talk_low","eliot.talks.low","","","","","","","","","eliot","","","","","","","3","弗兰","她在等夜宵。"
"zh-CN","crew","crew_talk_low","eliot.talks.low","","","","","","","","","eliot","","","","","","","4","艾略特","安全环境里包含夜宵，这很合理。"
"zh-CN","crew","crew_talk_low","eliot.talks.low","","","","","","","","","eliot","","","","","","","5","列车长","货仓门口需要人。"
"zh-CN","crew","crew_talk_low","eliot.talks.low","","","","","","","","","eliot","","","","","","","6","艾略特","我就知道。列车长，你说话前停顿半秒的时候，通常没有好事。"
"zh-CN","crew","crew_talk_low","eliot.talks.low","","","","","","","","","eliot","","","","","","","7","弗兰","走。"
"zh-CN","crew","crew_talk_low","eliot.talks.low","","","","","","","","","eliot","","","","","","","8","艾略特","走就走。我先声明，我这是为了列车，不是为了被扣甜点。"
"zh-CN","crew","crew_epilogue_low","eliot.epilogues.low","","","","","","","","","eliot","","","","","","","","艾略特","艾略特把巡逻记录写得很长，其中三分之一是抱怨。弗兰删掉一半，剩下那半居然都和案情有关。"
"zh-CN","crew","crew_status_mid","eliot.mid","","","","","","","","","eliot","","","","","","","","艾略特","艾略特叹气：“好吧好吧，我去后段。弗兰你别用那种‘我就知道’的眼神看我。”"
"zh-CN","crew","crew_talk_mid","eliot.talks.mid","","","","","","","","","eliot","","","","","","","1","列车长","艾略特，后段情况怎么样？"
"zh-CN","crew","crew_talk_mid","eliot.talks.mid","","","","","","","","","eliot","","","","","","","2","艾略特","黑、冷、离餐车远。总结完毕。"
"zh-CN","crew","crew_talk_mid","eliot.talks.mid","","","","","","","","","eliot","","","","","","","3","弗兰","异常情况。"
"zh-CN","crew","crew_talk_mid","eliot.talks.mid","","","","","","","","","eliot","","","","","","","4","艾略特","哦对，还有箱子响了两次。我本来想第一时间汇报，结果弗兰已经用眼神把我钉在门口了。"
"zh-CN","crew","crew_talk_mid","eliot.talks.mid","","","","","","","","","eliot","","","","","","","5","列车长","你听见的声音像什么？"
"zh-CN","crew","crew_talk_mid","eliot.talks.mid","","","","","","","","","eliot","","","","","","","6","艾略特","像有人在箱子里敲节拍。很轻，但不太友好。"
"zh-CN","crew","crew_talk_mid","eliot.talks.mid","","","","","","","","","eliot","","","","","","","7","弗兰","这句有用。前面那些可以删掉。"
"zh-CN","crew","crew_epilogue_mid","eliot.epilogues.mid","","","","","","","","","eliot","","","","","","","","艾略特","艾略特在后日谈里坚持自己是“抱怨型可靠人员”。你没有反驳，因为她确实每次都到了该到的位置。"
"zh-CN","crew","crew_status_high","eliot.high","","","","","","","","","eliot","","","","","","","","艾略特","艾略特一边喊累，一边把备用弹匣塞进腰包：“我知道啦，关键时候不会掉链子。可以把这句写进表扬栏吗？”"
"zh-CN","crew","crew_talk_high","eliot.talks.high","","","","","","","","","eliot","","","","","","","1","列车长","艾略特，如果今晚需要你和弗兰一起压到最危险的车厢，你会抱怨吗？"
"zh-CN","crew","crew_talk_high","eliot.talks.high","","","","","","","","","eliot","","","","","","","2","艾略特","会。"
"zh-CN","crew","crew_talk_high","eliot.talks.high","","","","","","","","","eliot","","","","","","","3","弗兰","她会边抱怨边去。"
"zh-CN","crew","crew_talk_high","eliot.talks.high","","","","","","","","","eliot","","","","","","","4","艾略特","别抢答。虽然答案确实是这个。"
"zh-CN","crew","crew_talk_high","eliot.talks.high","","","","","","","","","eliot","","","","","","","5","列车长","为什么？"
"zh-CN","crew","crew_talk_high","eliot.talks.high","","","","","","","","","eliot","","","","","","","6","艾略特","因为我要是不去，弗兰会一个人去。然后我就会被她回来之后的眼神教育三天。"
"zh-CN","crew","crew_talk_high","eliot.talks.high","","","","","","","","","eliot","","","","","","","7","弗兰","不止三天。"
"zh-CN","crew","crew_talk_high","eliot.talks.high","","","","","","","","","eliot","","","","","","","8","艾略特","你看，所以我还是去吧。列车长，记得给我写一句“表现英勇但需要补休”。"
"zh-CN","crew","crew_epilogue_high","eliot.epilogues.high","","","","","","","","","eliot","","","","","","","","艾略特","艾略特拿着补休申请来找你，申请理由写着：表现英勇但需要维护。弗兰说这理由不像话，你最后还是批了半天。"
"zh-CN","ending","ending_title","onTime","","","","","","","","","","","","","","","onTime","","","准点交付"
"zh-CN","ending","ending_body","onTime","","","","","","","","","","","","","","","onTime","1","","无垠号按合同准时完成交付。商会信用提升，报酬完整到账，研究所也给出了一份措辞漂亮的感谢函。"
"zh-CN","ending","ending_body","onTime","","","","","","","","","","","","","","","onTime","2","","但“回声门”事故记录只进入了内部附录。莉薇娅把公开版和完整记录分开保存，告诉你：这不是失败，只是还没到能把所有门打开的时候。"
"zh-CN","ending","ending_body","onTime","","","","","","","","","","","","","","","onTime","3","","几天后，遥在检修时发现核心残留的一段波形仍在无垠号备份里。它不足以推翻研究所，却足以证明那段路从未真正结束。"
"zh-CN","ending","ending_title","review","","","","","","","","","","","","","","","review","","","延期复核"
"zh-CN","ending","ending_body","review","","","","","","","","","","","","","","","review","1","","你放弃准点奖励，要求由遥、港务调度和研究所维护方共同复核核心状态。交接台上的白灯亮到凌晨，最终没有一个人能再把它写成普通货损。"
"zh-CN","ending","ending_body","review","","","","","","","","","","","","","","","review","2","","遥用三页维修记录证明：核心在进入研究所接驳区前已被旧试验线反复写入。她的文字短得像零件编号，却让研究所安全部无法绕开技术事实。"
"zh-CN","ending","ending_body","review","","","","","","","","","","","","","","","review","3","","复核结束后，无垠号多进了一次维修仓。艾略特抱怨错过了夜宵，弗兰把她的抱怨也夹进巡逻记录，作为“乘员仍有余力”的证明。"
"zh-CN","ending","ending_title","public","","","","","","","","","","","","","","","public","","","责任公开"
"zh-CN","ending","ending_body","public","","","","","","","","","","","","","","","public","1","","莉薇娅整理的责任链、遥的技术记录、波克士的行车日志和护卫影像共同组成完整报告。商会追责没有立刻消失，但研究所也无法再把事故写成承运方失误。"
"zh-CN","ending","ending_body","public","","","","","","","","","","","","","","","public","2","","公开听证的第二天，七号自由港调度台恢复了被改动的原始排班。那只是一行很小的更正，却让整条线路第一次承认：无垠号不是误入旧线，而是被推向旧线。"
"zh-CN","ending","ending_body","public","","","","","","","","","","","","","","","public","3","","莉薇娅在最终报告末尾没有写“列车长承担全部责任”。她写的是：本次决定由无垠号列车组共同确认。你看见这句话时，她没有躲开你的视线。"
"zh-CN","ending","ending_title","union","","","","","","","","","","","","","","","union","","","共同托管"
"zh-CN","ending","ending_body","union","","","","","","","","","","","","","","","union","1","","核心被交由港务调度、商会和研究所三方共同托管。这个结果不够漂亮，奖励也被压低，但任何一方都不能再单独覆盖记录。"
"zh-CN","ending","ending_body","union","","","","","","","","","","","","","","","union","2","","港务调度把见证记录寄回七号自由港。波克士读完后评价：人类终于学会了把门钥匙分给不止一个容易犯错的人。"
"zh-CN","ending","ending_body","union","","","","","","","","","","","","","","","union","3","","无垠号离开研究所时，遥把旧试验线接口编号贴进检修手册。她说以后再经过阿妮塔方向，先查这个。"
"zh-CN","ending","ending_title","box","","","","","","","","","","","","","","","box","","","压线完成"
"zh-CN","ending","ending_body","box","","","","","","","","","","","","","","","box","1","","波克士用应急协议压线完成交接，并在研究所覆盖记录前把核心数据拆成三份备份。随后它进入检修模式，屏幕上还坚持滚动“本机表现无可挑剔”。"
"zh-CN","ending","ending_body","box","","","","","","","","","","","","","","","box","2","","这次结局保住了准点，也保住了关键证据，却让波克士的稳定度大幅下降。莉薇娅亲自给它写了感谢记录，波克士对此表示“理所当然但可以再写长一点”。"
"zh-CN","ending","ending_body","box","","","","","","","","","","","","","","","box","3","","列车长在维修仓外等到深夜。波克士重启后的第一句话是：半吊子列车长居然还在，评价加一分。"
"zh-CN","ending","ending_title","storm","","","","","","","","","","","","","","","storm","","","停止交付"
"zh-CN","ending","ending_body","storm","","","","","","","","","","","","","","","storm","1","","无垠号没有完成交付。你选择停在交接台外，先撤离乘员并保全已有记录。商会信用受损，研究所拒绝承认你们的判断。"
"zh-CN","ending","ending_body","storm","","","","","","","","","","","","","","","storm","2","","这不是漂亮结局，但没有人被丢下。核心数据碎了一部分，剩下的被莉薇娅、遥和波克士分别保存，像三盏还没熄灭的小灯。"
"zh-CN","ending","ending_body","storm","","","","","","","","","","","","","","","storm","3","","第二天清晨，列车重新点火。艾略特问这算不算失败，弗兰说至少所有人都还能争论。你听着她们吵完，才在日志上写下：本次交付中止，列车组完整返航。"
